date,o,h,l,c
 2008/01/09,230.95,230.99,222.49,223.8
 2008/01/10,223.22,223.22,214.21,215.54
 2008/01/11,218.46,219.48,215.98,218.27
 2008/01/14,219.15,220.34,217.77,220.31
 2008/01/15,220.73,224.62,220.54,223.96
 2008/01/16,220.77,220.87,215.67,216.11
 2008/01/17,214.24,216.92,213.35,216.65
 2008/01/18,214.15,214.95,212.59,214.79
 2008/01/21,214.84,216.33,213.94,214.27
 2008/01/22,208.07,209.57,204.91,206.54
 2008/01/23,212.59,214.19,211.04,212.62
 2008/01/24,213.12,217.03,212.74,216.73
 2008/01/25,220.18,221.31,218.4,219.81
 2008/01/28,218.99,221.88,218.99,220.37
 2008/01/29,223.49,224.3,222.61,222.61
 2008/01/30,221.02,222.02,220.11,220.16
 2008/01/31,220.02,220.96,218.34,219.46
 2008/02/01,220.65,221.05,218.69,218.83
 2008/02/04,216.07,216.8,215.14,215.75
 2008/02/05,215.63,215.63,214.96,215.49
 2008/02/13,216.19,216.32,213.81,213.95
 2008/02/14,214.84,216.33,214.73,216.29
 2008/02/15,216.22,216.67,215.59,216.47
 2008/02/18,215.41,215.84,214.47,215.64
 2008/02/19,215.72,218.43,215.72,218.43
 2008/02/20,222.11,222.18,219.41,219.88
 2008/02/21,221.86,224.11,221.86,223.63
 2008/02/22,221.56,224.43,221.56,222.53
 2008/02/25,223.66,225.79,223.12,225.78
 2008/02/26,223.01,223.15,219.08,219.55
 2008/02/27,225.05,226.01,224.2,224.7
 2008/02/28,225.05,225.48,223.55,223.65
 2008/02/29,226.08,226.57,225.36,225.5
 2008/03/03,226.63,228.96,226.36,228.53
 2008/03/04,229.03,229.83,226.83,227.21
 2008/03/05,224.04,224.97,223.65,224.76
 2008/03/06,227.02,228.6,227.02,227.94
 2008/03/07,226.5,227.58,226.27,227.55
 2008/03/10,225.97,226.17,224.65,225.16
 2008/03/11,224.94,225.39,224.12,224.45
 2008/03/12,224.92,225.2,223.82,224.2
 2008/03/13,226.47,226.74,225.31,226.29
 2008/03/14,227.89,228.36,227.46,227.76
 2008/03/17,231.09,233.5,231.05,232.41
 2008/03/18,225.8,228.04,225.75,227.36
 2008/03/19,225.54,226.06,225.32,226
 2008/03/20,214.38,214.39,214.34,214.38
 2008/03/21,214.37,214.38,207.14,209.93
 2008/03/24,209.6,209.93,206.49,206.85
 2008/03/25,208.66,210.84,208.19,210.33
 2008/03/26,213.01,213.45,211.66,211.82
 2008/03/27,214.05,214.37,213.22,213.39
 2008/03/28,213.11,213.23,211.38,211.85
 2008/03/31,209.08,209.47,208.59,209.01
 2008/04/01,206.26,206.35,199,203.01
 2008/04/02,200.21,201.91,198,198.93
 2008/04/03,201.76,202.32,201.08,202.27
 2008/04/07,204.85,205.18,203.99,205.09
 2008/04/08,206.09,206.72,204.07,204.73
 2008/04/09,204.73,204.84,202.74,203.21
 2008/04/10,207.57,207.66,206.75,207.13
 2008/04/11,205.58,205.59,203.76,204.21
 2008/04/14,201.12,204.99,201.12,204.95
 2008/04/15,205.84,207.77,205.42,207.73
 2008/04/16,205.89,206.72,205.1,206.41
 2008/04/17,209.03,210.38,208.7,210.01
 2008/04/18,208.37,209.92,208.37,209.58
 2008/04/21,205.44,206.26,203.53,203.69
 2008/04/22,202.72,203.97,202.72,203.01
 2008/04/23,204.94,204.99,203.39,203.86
 2008/04/24,200.92,202.1,200.68,201.92
 2008/04/25,199.16,199.2,198.52,198.76
 2008/04/28,199.43,200.64,199.41,200.3
 2008/04/29,199.88,200.19,198.69,198.99
 2008/04/30,195.86,196.38,194.62,196.36
 2008/05/05,195.36,195.62,194.45,194.75
 2008/05/06,196.16,196.34,195.66,196.02
 2008/05/07,196.57,196.75,194.88,195.03
 2008/05/08,194.55,194.56,193.87,194.09
 2008/05/09,196.5,197.48,196.31,197.48
 2008/05/12,197.76,198.38,197.07,197.36
 2008/05/13,197.27,197.44,196.54,196.58
 2008/05/14,194.79,194.93,194.1,194.6
 2008/05/15,194.15,195.3,193.51,195.23
 2008/05/16,195.41,197.98,195.41,197.8
 2008/05/19,197.8,203.71,197.8,203.33
 2008/05/20,202.64,203.36,201.94,203.22
 2008/05/21,203.22,205.57,203.22,204.62
 2008/05/22,208,208.3,207.08,207.89
 2008/05/23,204.49,204.73,203.83,204.59
 2008/05/26,206.41,207.44,206.34,207.06
 2008/05/27,208,208,206.68,206.74
 2008/05/28,202.89,203.31,202.5,203.31
 2008/05/29,202.14,202.36,200.08,200.3
 2008/05/30,196.41,197.21,194.97,194.99
 2008/06/02,196.98,197.54,196.04,196.33
 2008/06/03,197.62,200.09,197.62,199.8
 2008/06/04,195.48,196.55,195.32,196.13
 2008/06/05,195.94,196.62,195.52,196.62
 2008/06/06,196.99,197.67,196.35,197.2
 2008/06/10,198.48,198.76,197.58,198.35
 2008/06/11,194.94,195.64,194.35,195.56
 2008/06/12,196.52,196.76,193.69,194.15
 2008/06/13,194.52,195.32,194.52,194.7
 2008/06/16,195.51,195.85,193.81,193.89
 2008/06/17,195.82,197.68,195.67,197.55
 2008/06/18,196.99,197.33,196.26,196.81
 2008/06/19,197.95,198.51,197.63,198.28
 2008/06/20,198.68,200.16,198.23,199.86
 2008/06/23,199.97,201.2,199.85,200.95
 2008/06/24,200.95,200.95,196.4,196.61
 2008/06/25,196.38,197.4,196.38,196.93
 2008/06/26,196.9,197.67,196.82,197.26
 2008/06/27,202.97,203.44,201.97,202.53
 2008/06/30,205.46,205.8,204.69,205.66
 2008/07/01,204.45,205.69,204,205.51
 2008/07/02,207.9,208.56,207.45,208.02
 2008/07/03,208.05,208.64,207.61,208.28
 2008/07/04,206.27,206.85,206.26,206.3
 2008/07/07,205.86,205.88,203.54,203.64
 2008/07/08,204.16,206.27,204.16,205.73
 2008/07/09,203.55,204.53,202.65,204.2
 2008/07/10,205.8,206.15,204.73,205.58
 2008/07/11,208.07,208.47,207.82,208.39
 2008/07/14,212.41,212.43,211.46,212.17
 2008/07/15,212.79,213.91,212.59,213.91
 2008/07/16,210.98,212.46,210.98,211.62
 2008/07/17,211.5,211.88,210.8,211.02
 2008/07/18,209.99,211.49,209.52,211.35
 2008/07/21,211,212,210.81,211.93
 2008/07/22,212.61,214.19,212.5,214.15
 2008/07/23,209.98,209.98,206.51,206.62
 2008/07/24,202.29,204.36,200.46,203.38
 2008/07/25,203.9,205.76,203.9,205.23
 2008/07/28,204.98,205.18,203.91,204.36
 2008/07/29,205.42,205.71,204.59,204.65
 2008/07/30,201.99,202.4,201.29,202.09
 2008/07/31,201.3,202.9,201.05,202.88
 2008/08/01,201.5,201.97,201.31,201.57
 2008/08/04,201.66,203.41,201.66,203.39
 2008/08/05,197.78,198.84,195.93,196.54
 2008/08/06,195.8,196.97,195.14,196.97
 2008/08/07,196.05,197.51,196.05,197.43
 2008/08/08,194.52,194.89,193.58,194.13
 2008/08/11,192.35,193.41,191.03,191.52
 2008/08/12,182.85,182.86,182.85,182.86
 2008/08/13,180.19,184.63,179.19,184.47
 2008/08/14,186.65,186.86,184.07,186.03
 2008/08/15,176.3,177.89,176.12,176.19
 2008/08/18,179.38,181.51,178.81,181.48
 2008/08/19,178.29,178.7,176.21,176.44
 2008/08/20,183.04,183.15,181.88,182.31
 2008/08/21,183.3,184.56,182.73,184.38
 2008/08/22,187.02,187.3,186.12,186.57
 2008/08/25,182.51,183.19,181.12,182.81
 2008/08/26,182.08,183.36,181.59,182.27
 2008/08/27,184.51,185.36,184.31,184.85
 2008/08/28,185.12,186.12,184.73,185.57
 2008/08/29,184.39,185.74,184.34,185.44
 2008/09/01,185.02,185.17,184.52,184.92
 2008/09/02,180.52,181.42,179.42,179.54
 2008/09/03,180.04,180.27,178.14,178.79
 2008/09/04,179.83,180.4,179.4,180.33
 2008/09/05,176.53,178.36,176.33,178.02
 2008/09/08,181.44,182.12,180.84,181.27
 2008/09/09,179.02,179.29,177.54,178.6
 2008/09/10,170.83,173.87,170.81,173.32
 2008/09/11,169.26,169.95,168.58,168.89
 2008/09/12,168.98,170.07,168.49,170.07
 2008/09/16,174.1,174.32,171.11,172.94
 2008/09/17,174.71,174.83,173.48,174.64
 2008/09/18,182.92,182.99,182.91,182.98
 2008/09/19,189.13,189.85,185.88,187.28
 2008/09/22,191.08,191.88,189.6,191.85
 2008/09/23,199.44,199.53,195.78,195.92
 2008/09/24,195.03,196.7,193.45,196.39
 2008/09/25,195.05,197.48,194.52,197.24
 2008/09/26,195.05,195.5,192.97,193.82
 2008/10/06,184.44,185.35,184.4,184.4
 2008/10/07,188.37,192.13,188.28,192.13
 2008/10/08,194.1,199.97,193.23,199.18
 2008/10/09,198.2,199.23,193.98,194.69
 2008/10/10,203.61,204.5,199.16,202.72
 2008/10/13,191.59,192.09,191.57,191.58
 2008/10/14,188.74,188.79,185.92,186.71
 2008/10/15,186.58,187.44,185.68,186.74
 2008/10/16,184.37,185.48,177.25,179.1
 2008/10/17,176.1,177.88,173.78,176.74
 2008/10/20,175.06,177.82,172.85,177.44
 2008/10/21,176.32,176.52,172.75,172.86
 2008/10/22,169.26,169.26,165.62,165.64
 2008/10/23,155.62,160.46,155.62,159.83
 2008/10/24,158.22,159.97,149.13,149.15
 2008/10/27,160.51,160.84,151.49,156.55
 2008/10/28,159.48,164.33,155.79,164.2
 2008/10/29,163.25,164.27,161.24,163.95
 2008/10/30,167.79,168.56,165.73,168.49
 2008/10/31,159.15,159.88,159.12,159.12
 2008/11/03,159.08,161.35,158.17,160.93
 2008/11/04,159.72,159.86,157.08,158.73
 2008/11/05,166.41,166.41,163.59,164.23
 2008/11/06,160.62,161.01,159.67,159.92
 2008/11/07,157.05,159.94,156.33,159.94
 2008/11/10,163.1,164.05,162.2,163.45
 2008/11/11,161.21,161.41,160.05,160.24
 2008/11/12,158.21,160.55,158.11,160.41
 2008/11/13,155.32,155.32,153.24,153.5
 2008/11/14,158.09,158.72,157.63,158.37
 2008/11/17,158.88,161.34,158.68,161.02
 2008/11/18,160.01,161,159.77,159.91
 2008/11/19,160.24,161.12,160.24,161.12
 2008/11/20,159.89,164.08,159.89,161.61
 2008/11/21,161.61,165.39,161.56,164.96
 2008/11/24,171.65,171.66,171.61,171.65
 2008/11/25,178.72,178.72,176.1,177.73
 2008/11/26,177.06,177.77,176.74,177.38
 2008/11/27,177.03,179.46,177.03,177.55
 2008/11/28,177.59,178.09,176.85,177.83
 2008/12/01,177.08,178.08,175.95,177.28
 2008/12/02,168.56,169.55,168.12,168.12
 2008/12/03,168.79,170.57,168.79,170.26
 2008/12/04,169,169.26,167.21,167.97
 2008/12/05,168.15,168.91,167.48,168.79
 2008/12/08,167.1,170.49,166.78,170.34
 2008/12/09,170.37,171.57,169.75,170.52
 2008/12/10,171.94,173.23,171.06,173.14
 2008/12/11,176.63,180.86,176.61,180.83
 2008/12/12,181.05,181.82,177.25,178.09
 2008/12/15,182.05,184.38,181.75,183.71
 2008/12/16,184,184,182.61,183.11
 2008/12/17,186.66,186.7,183.94,184.31
 2008/12/18,186,187.98,186,186.68
 2008/12/19,183.51,185.24,183.11,184.97
 2008/12/22,184.99,186.09,183.95,184.3
 2008/12/23,184.07,185.47,183.88,185.18
 2008/12/24,183.99,184.45,183.69,184.23
 2008/12/25,184.76,186.16,184.52,185.85
 2008/12/26,185.53,186.12,185.18,185.43
 2008/12/29,194.91,194.91,192.61,193.87
 2008/12/30,191.78,192.5,190.35,190.91
 2008/12/31,190.74,190.97,188.47,189.22
 2009/01/05,191.03,192.02,188.32,190.25
 2009/01/06,185.5,186.86,184.37,184.62
 2009/01/07,187.05,188.17,186.26,187.68
 2009/01/08,184.73,185.1,183.99,184.81
 2009/01/09,185.94,187.02,185.59,186.99
 2009/01/12,185.72,187,185.27,185.86
 2009/01/13,180.43,181.09,179.08,179.25
 2009/01/14,180,181.01,179.85,180.92
 2009/01/15,178.06,178.29,176.05,177.52
 2009/01/16,178.53,180.74,178.53,180.43
 2009/01/19,183.41,184.57,183.13,184.11
 2009/01/20,181.73,182.23,180.95,181.65
 2009/01/21,185.91,187.03,185.72,186.46
 2009/01/22,187.03,187.41,186.04,186.66
 2009/01/23,186.63,188.6,186.04,187.53
 2009/02/02,200.2,200.2,198.42,198.48
 2009/02/03,197.59,198.5,197.01,197.32
 2009/02/04,197.02,197.57,196.54,196.86
 2009/02/05,197.61,198.84,197.4,198.74
 2009/02/06,199.25,200.57,199.22,200.32
 2009/02/09,198.75,198.97,197.51,198.34
 2009/02/10,196.79,197.26,195.69,196.02
 2009/02/11,200,200.59,199.36,199.59
 2009/02/12,205.01,205.74,204.64,205.52
 2009/02/13,205.17,206.1,205.17,206.06
 2009/02/16,205.36,205.66,204.78,205.5
 2009/02/17,206.5,211.27,206.5,210.83
 2009/02/18,212.11,213.91,211.78,213.58
 2009/02/19,215.65,215.82,213.71,214.01
 2009/02/20,213.45,214.43,212.93,214.39
 2009/02/23,217.8,217.8,216,216.48
 2009/02/24,216.19,217.37,215.72,216.79
 2009/02/25,211.52,211.93,209.42,209.64
 2009/02/26,209,209.29,206.85,208.23
 2009/02/27,206.92,207.42,205.91,206.49
 2009/03/02,208.68,209.52,208.06,209.32
 2009/03/03,204.24,204.81,203.53,203.98
 2009/03/04,203.97,203.98,200.66,201.47
 2009/03/05,201.1,202.52,200.78,202.52
 2009/03/06,205.61,207.78,205,207.73
 2009/03/09,207.18,207.35,205.82,206.08
 2009/03/10,202.46,202.69,201.51,201.59
 2009/03/11,197.07,198.55,196.83,198.47
 2009/03/12,200.65,202.15,200.24,201.81
 2009/03/13,203.16,203.66,202.74,202.77
 2009/03/16,203.51,204.24,203.47,203.64
 2009/03/17,203.39,203.65,201.63,202.02
 2009/03/18,201.27,201.47,199.85,200.63
 2009/03/19,204.57,205.6,203.26,205.26
 2009/03/20,208.41,211.13,208.41,210.45
 2009/03/23,209.68,212.12,209.08,211.47
 2009/03/24,208.21,208.49,206.85,207.02
 2009/03/25,204.67,205.39,204,204.44
 2009/03/26,205.56,206.56,205.33,206.38
 2009/03/27,205.41,206.29,204.95,205.57
 2009/03/30,204.19,204.24,202.48,204.13
 2009/03/31,201.34,202.82,201.31,202.5
 2009/04/01,202.84,203.23,202.02,202.13
 2009/04/02,203.7,204.45,202.64,202.78
 2009/04/03,198.97,199.3,198.54,198.89
 2009/04/07,192.97,194.48,192.62,193.48
 2009/04/08,193.8,195.69,193.66,195.48
 2009/04/09,194.28,194.73,193.55,193.75
 2009/04/10,193.67,194.66,193.55,194.57
 2009/04/13,195,195.88,194.62,195.85
 2009/04/14,196.89,198.46,196.87,197.98
 2009/04/15,197.08,197.08,196.45,196.45
 2009/04/16,196.11,196.85,194.83,196.82
 2009/04/17,193.24,193.24,192.16,192.42
 2009/04/20,190.24,192.34,190.2,191.33
 2009/04/21,195.58,196.97,195.26,196.6
 2009/04/22,195,195.4,194.58,195.29
 2009/04/23,197.24,197.41,196.07,196.63
 2009/04/24,199.28,201.21,199.05,201.13
 2009/04/27,201.81,201.94,201,201.34
 2009/04/28,197.84,198.34,197.3,197.48
 2009/04/29,196,197.78,195.82,197.27
 2009/04/30,196.86,198.2,196.81,198.19
 2009/05/04,196.02,198.94,195.35,197.34
 2009/05/05,199.37,200.13,198.97,199.22
 2009/05/06,198.06,199.27,197.88,198.97
 2009/05/07,200.83,201.43,200.52,201.28
 2009/05/08,201.31,202.06,201.07,201.72
 2009/05/11,201.67,202.16,201.04,201.82
 2009/05/12,201.28,201.28,200.49,200.71
 2009/05/13,203.74,204.07,203.62,203.95
 2009/05/14,203.21,203.63,202.7,202.7
 2009/05/15,203.39,203.57,203.05,203.22
 2009/05/18,203.83,204.65,203.83,204.52
 2009/05/19,201.99,202.51,201.99,202.43
 2009/05/20,203.32,203.77,203.11,203.72
 2009/05/21,205.99,207.1,205.9,206.85
 2009/05/22,209.09,209.19,208.07,208.38
 2009/05/25,209.28,209.49,208.51,208.82
 2009/05/26,209.03,209.05,208.03,208.04
 2009/05/27,207.91,208.23,207.24,208
 2009/06/01,214.12,215.37,213.82,215.03
 2009/06/02,213.51,214.36,212.06,212.16
 2009/06/03,215.16,216.21,214.69,216.19
 2009/06/04,211.91,212.22,211.37,211.97
 2009/06/05,214.03,214.41,213.77,214.33
 2009/06/08,209.27,210.41,209.18,209.44
 2009/06/09,209.27,209.36,208.11,209.14
 2009/06/10,209.94,210.61,209.7,209.86
 2009/06/11,209.02,210.05,208.83,209.5
 2009/06/12,210.02,210.17,208.6,208.95
 2009/06/15,205.13,206.03,204.61,204.91
 2009/06/16,204.63,205.4,204.63,205.37
 2009/06/17,204.8,206.4,204.53,206.32
 2009/06/18,206.55,206.77,205.83,206.45
 2009/06/19,205.75,205.77,204.94,205.08
 2009/06/22,205.04,205.52,204.79,205.03
 2009/06/23,202.04,202.53,200.94,201.63
 2009/06/24,202.93,203.93,202.67,203.93
 2009/06/25,204.55,205.72,204.45,205.51
 2009/06/26,206.63,207.21,206.39,207.13
 2009/06/29,206.3,206.3,205.28,205.94
 2009/06/30,206.34,207.72,206.34,207.39
 2009/07/01,204.17,204.5,203.79,204.47
 2009/07/02,206.37,206.72,205.89,206.08
 2009/07/03,204.92,205.27,204.67,205.17
 2009/07/06,204.05,204.6,203.3,203.45
 2009/07/07,203.48,203.68,203.01,203.19
 2009/07/08,202.77,203.24,201.91,202.88
 2009/07/09,200.05,201.18,200.05,201.07
 2009/07/10,200.92,201.44,200.53,200.58
 2009/07/13,201.15,201.47,199.9,200.12
 2009/07/14,201.84,202.67,201.64,202.36
 2009/07/15,203.5,204.26,203.21,204.11
 2009/07/16,205.94,206.11,205.21,205.33
 2009/07/17,205.6,205.85,205.18,205.35
 2009/07/20,206.11,207.66,206.11,207.55
 2009/07/21,208.06,208.38,207.63,207.78
 2009/07/22,207.43,208.4,207.43,207.94
 2009/07/23,209,209.35,208.69,209.18
 2009/07/24,207.97,208.1,207.72,208.05
 2009/07/27,208.26,210.1,208.19,210.09
 2009/07/28,209.01,209.72,208.61,209.59
 2009/07/29,206.21,206.61,204.5,204.91
 2009/07/30,204.12,204.67,204.02,204.51
 2009/07/31,205.5,206.61,205.5,205.95
 2009/08/03,209.72,209.87,209.21,209.43
 2009/08/04,210.03,210.21,208.98,209.68
 2009/08/05,212.01,212.2,211.17,211.39
 2009/08/06,211.52,211.68,210.94,211.56
 2009/08/07,210.88,210.98,210.54,210.55
 2009/08/10,209.11,210.15,209.11,209.78
 2009/08/11,208.01,208.42,207.22,208.36
 2009/08/12,208.37,208.62,207.12,207.17
 2009/08/13,208.53,209.87,208.52,209.6
 2009/08/14,210.31,210.4,209.82,209.93
 2009/08/17,207.37,207.37,206.54,207.2
 2009/08/18,206.25,206.72,206.09,206.52
 2009/08/19,207.03,207.08,205.23,205.56
 2009/08/20,207.02,208.06,206.7,207.55
 2009/08/21,206.51,206.96,206.19,206.56
 2009/08/24,209.92,209.92,209.35,209.78
 2009/08/25,207.36,207.91,207.35,207.7
 2009/08/26,207.64,208.47,207.57,208.27
 2009/08/27,207.51,208.16,207.42,208.01
 2009/08/28,209.02,209.12,208.58,208.81
 2009/08/31,211.01,211.01,209.29,209.29
 2009/09/01,210.29,210.29,208.91,209.72
 2009/09/02,209.33,210.18,209.16,210.01
 2009/09/03,214.31,215.58,214.07,215.57
 2009/09/04,217.66,218.17,217.24,217.4
 2009/09/07,217.8,219.08,217.65,218.9
 2009/09/08,219.47,223.07,218.8,222.79
 2009/09/09,221.65,222.54,220.32,220.55
 2009/09/10,219.72,220.04,218.38,219.38
 2009/09/11,218.92,222.07,218.92,220.24
 2009/09/14,219.92,221.65,219.39,219.52
 2009/09/15,220.19,220.8,219.23,219.26
 2009/09/16,222.48,225.69,221.98,225.25
 2009/09/17,224.89,227.25,224.42,225.95
 2009/09/18,224.35,224.35,222.82,223.06
 2009/09/21,220.99,222.39,220.11,220.94
 2009/09/22,221.91,223.28,221.69,223.23
 2009/09/23,223.87,224.41,223.08,223.14
 2009/09/24,223.01,223.6,222,223.49
 2009/09/25,218.95,219.18,218.38,218.82
 2009/09/28,218.44,218.66,216.47,216.77
 2009/09/29,217.09,217.83,216.74,217.81
 2009/09/30,217.79,218.98,217.64,218.9
 2009/10/09,232.07,232.63,228.95,229.35
 2009/10/12,230.02,230.86,229.89,230.35
 2009/10/13,230.67,231.33,230.37,231.22
 2009/10/14,232.49,234.29,232.15,233.42
 2009/10/15,232.9,233.29,231.43,231.49
 2009/10/16,230.88,231.21,229.4,230.02
 2009/10/19,230.17,231.57,229.87,231.47
 2009/10/20,233.5,234.4,233.12,234.2
 2009/10/21,231.48,232.02,230.81,231.91
 2009/10/22,232.66,233.03,231.55,231.56
 2009/10/23,232.72,233.9,232.64,232.91
 2009/10/26,231.75,232.25,231.27,231.77
 2009/10/27,228.64,229.37,228.59,229.22
 2009/10/28,228.7,229.54,228.64,228.87
 2009/10/29,227.1,227.6,226.9,227.44
 2009/10/30,229.9,230.8,229.9,230.54
 2009/11/02,229.92,230.62,229.59,230.6
 2009/11/03,233.81,234.12,233.46,233.79
 2009/11/04,237.49,237.99,237.27,237.97
 2009/11/05,238.66,238.79,238.03,238.03
 2009/11/06,238.53,239.27,238.53,239.15
 2009/11/09,240.4,242.17,240.4,242.08
 2009/11/10,241.52,241.61,240.25,240.75
 2009/11/11,242.15,242.73,242.01,242.53
 2009/11/12,244.9,245.61,244.89,245.49
 2009/11/13,241.83,242.94,241.59,242.88
 2009/11/16,246.15,247.47,245.98,247.36
 2009/11/17,249.45,249.8,248.07,248.51
 2009/11/18,249.61,249.92,249.14,249.52
 2009/11/19,249.81,250.61,249.73,250.28
 2009/11/20,250.6,251.47,249.61,250.94
 2009/11/23,254,255.58,254,255.42
 2009/11/24,254.02,256.38,254.02,255.06
 2009/11/25,256,259.48,255.89,259.29
 2009/11/26,261.12,263.85,261.12,261.93
 2009/11/27,261.01,262.63,256,257.04
 2009/11/30,258.51,260.26,256.14,258.26
 2009/12/01,259.88,260.11,258.61,259.36
 2009/12/02,264.61,268.02,264.3,267.49
 2009/12/03,270.16,270.48,266.66,267.55
 2009/12/04,264.82,265.97,263.88,265.78
 2009/12/07,254,255.86,253.22,254.81
 2009/12/08,257.47,257.47,255.51,255.88
 2009/12/09,249.02,250.5,248.7,248.83
 2009/12/10,249.63,250.4,248.13,249.28
 2009/12/11,250.03,251.3,249.45,250.71
 2009/12/14,247.01,249.88,246.82,249.7
 2009/12/15,248.97,251.56,248.13,248.37
 2009/12/16,248.94,252.44,248.6,252.36
 2009/12/17,254,254.24,249.63,249.74
 2009/12/18,245.6,246.09,244.34,245.4
 2009/12/21,247.02,247.86,246.13,246.8
 2009/12/22,242.82,243.37,242.35,242.41
 2009/12/23,241.1,242.16,240.52,241.3
 2009/12/24,242.6,245.93,242,245.62
 2009/12/25,245.51,246.48,244.52,246.35
 2009/12/28,246.01,249.07,245.61,247.99
 2009/12/29,246.34,246.69,244.79,246.4
 2009/12/30,243.01,243.97,242.78,243.4
 2009/12/31,243.69,247.58,243.67,247.51
 2010/01/04,245.39,247.43,244.59,245.97
 2010/01/05,250.01,253.25,249.72,253.23
 2010/01/06,251.01,253.14,250.6,251.11
 2010/01/07,255.1,255.48,251.31,252.36
 2010/01/08,251.22,251.22,249.01,249.56
 2010/01/11,257.49,258.4,256.66,256.85
 2010/01/12,256.84,257.48,255.38,257.14
 2010/01/13,250.99,250.99,249.35,250.71
 2010/01/14,254.28,254.38,252.43,252.97
 2010/01/15,253.22,253.55,251.82,252.21
 2010/01/18,250.5,252.05,249.91,251.81
 2010/01/19,252.41,253.01,251.91,252.4
 2010/01/20,253.5,253.99,251.22,251.39
 2010/01/21,247.5,248.31,246.53,248.3
 2010/01/22,243.06,244,242.69,243.34
 2010/01/25,243.34,246,243.02,245.38
 2010/01/26,245.78,246.29,242.74,243.12
 2010/01/27,244.58,245.16,243.56,243.83
 2010/01/28,241.61,241.99,239.63,241.45
 2010/01/29,240.03,240.91,239.32,239.38
 2010/02/01,240.79,240.79,238.6,239.57
 2010/02/02,244.82,245.2,243.97,244.74
 2010/02/03,246.87,247.35,245.94,247.24
 2010/02/04,245,246.05,244.86,245.12
 2010/02/05,235.01,235.9,235.01,235.78
 2010/02/08,236.52,237.2,236.32,236.88
 2010/02/09,236.3,238.87,236.1,238.46
 2010/02/10,239.38,239.88,238.86,239.85
 2010/02/11,239.51,240.82,239.51,240.34
 2010/02/12,242.17,242.63,241.88,242.23
 2010/02/22,250.37,251.46,248.35,248.35
 2010/02/23,246.49,247.45,245.86,247.22
 2010/02/24,245.01,245.46,244.89,245.06
 2010/02/25,244.01,244.01,241.82,242.29
 2010/02/26,245.17,246.6,244.92,246.41
 2010/03/01,248.88,248.88,247.24,247.8
 2010/03/02,247.76,248.37,246.8,247.4
 2010/03/03,251.1,251.97,250.79,251.9
 2010/03/04,252.19,252.24,250.85,251.06
 2010/03/05,250.7,251.74,250.42,251.29
 2010/03/08,251.07,252.17,250.9,252.02
 2010/03/09,249.01,249.2,248.32,248.39
 2010/03/10,248.42,249.71,248.39,249.46
 2010/03/11,245.94,246.48,245.67,245.95
 2010/03/12,246.51,246.85,245.83,246.84
 2010/03/15,244.72,245.02,244.29,245.02
 2010/03/16,245.45,246.8,245.37,246.36
 2010/03/17,249.5,250.18,249.23,250.13
 2010/03/18,248.61,248.94,248.28,248.54
 2010/03/19,248.8,249.1,248.51,248.72
 2010/03/22,244.74,245.51,244.74,245
 2010/03/23,244.84,245.02,244.44,244.52
 2010/03/24,244.52,244.87,243.78,243.91
 2010/03/25,241.41,242.01,241.28,241.82
 2010/03/26,242.02,243.87,241.91,243.87
 2010/03/29,245.26,246.2,244.85,246.03
 2010/03/30,245.81,246.66,245.59,246.45
 2010/03/31,245.17,245.51,244.97,245.24
 2010/04/01,246.66,246.85,245.9,245.91
 2010/04/02,248.5,248.51,247.74,248.03
 2010/04/06,249.15,249.18,248.6,248.76
 2010/04/07,249.91,250.71,249.74,250.7
 2010/04/08,252.22,252.34,251.78,251.98
 2010/04/09,252.52,254.35,252.43,254.26
 2010/04/12,256.54,256.74,255.88,255.92
 2010/04/13,254.29,254.39,253.42,253.92
 2010/04/14,253.73,255.14,253.73,254.25
 2010/04/15,254.38,254.89,253.85,253.85
 2010/04/16,254.62,254.68,253.92,254.01
 2010/04/19,250.32,250.78,249.38,249.51
 2010/04/20,250.66,251.12,250.47,250.96
 2010/04/21,251.53,252.57,251.34,252.37
 2010/04/22,252.55,252.94,252.14,252.38
 2010/04/23,250.91,251.42,250.91,251.12
 2010/04/26,254.67,255.56,251.44,255.23
 2010/04/27,254.79,255.14,254.01,254.22
 2010/04/28,257.07,257.16,256.25,256.57
 2010/04/29,256.58,257.09,256.46,256.88
 2010/04/30,258.59,258.73,257.8,258.4
 2010/05/04,259.81,259.89,258.4,258.45
 2010/05/05,256.81,257.28,255.58,257.16
 2010/05/06,257.73,258.28,257.55,258.02
 2010/05/07,263.84,264.36,263.11,264.36
 2010/05/10,263.82,264.43,262.48,262.58
 2010/05/11,263.93,265.53,263.93,265.41
 2010/05/12,269.63,271.04,268.98,270
 2010/05/13,270.85,271.62,270.79,270.97
 2010/05/14,270.97,272.06,270.59,271.13
 2010/05/17,271.14,273.45,271.14,271.75
 2010/05/18,269.72,269.85,267.31,267.58
 2010/05/19,268.91,269.42,265.54,266.18
 2010/05/20,261.96,263.68,260.29,261.21
 2010/05/21,260.33,261.1,257.48,259.65
 2010/05/24,260.78,262.46,260.36,262.18
 2010/05/25,261.64,263.49,261.42,262.12
 2010/05/26,264.94,266.21,264.49,265.77
 2010/05/27,266.76,267.92,266.19,266.67
 2010/05/28,266.47,267.65,265.43,267.63
 2010/05/31,266.39,267.5,266.16,266.54
 2010/06/01,268.98,269.27,268.25,268.53
 2010/06/02,269.21,269.73,268.58,268.66
 2010/06/03,269.03,269.29,268.11,269.12
 2010/06/04,264.94,265.51,263.73,264.81
 2010/06/07,267,268.15,266.82,267.74
 2010/06/08,272.29,272.97,271.87,272.87
 2010/06/09,272.15,272.25,270.99,271.33
 2010/06/10,270.46,271.57,269.7,270.18
 2010/06/11,267.93,268.6,267.75,268.37
 2010/06/17,270.99,271.53,270.56,271.1
 2010/06/18,274.08,274.32,273.35,273.92
 2010/06/21,276.55,277,275.86,276.97
 2010/06/22,271.71,272.19,270.88,271.24
 2010/06/23,271.36,272.45,271.36,272.08
 2010/06/24,271.17,271.54,270.62,270.75
 2010/06/25,272.9,273.58,272.65,272.95
 2010/06/28,276,276.19,274.85,274.91
 2010/06/29,271.99,271.99,270.46,270.61
 2010/06/30,272.06,272.48,271.57,272.04
 2010/07/01,271.05,271.6,270.74,270.8
 2010/07/02,262.55,263.87,262,263.13
 2010/07/05,263.99,264.83,263.71,264.27
 2010/07/06,262.89,263.99,262.51,263.02
 2010/07/07,260.96,261.28,259.2,259.42
 2010/07/08,263.03,263.49,262.62,263.18
 2010/07/09,261.18,261.88,261.12,261.37
 2010/07/12,264.02,264.06,263.31,263.31
 2010/07/13,261.5,261.99,261.17,261.22
 2010/07/14,264.01,264.96,263.83,264.61
 2010/07/15,264.08,264.66,263.71,263.76
 2010/07/16,264.01,264.12,263.01,263.03
 2010/07/19,259.91,260.77,259.91,260.32
 2010/07/20,258.32,259.21,258.29,258.87
 2010/07/21,260.67,260.67,259.75,259.77
 2010/07/22,259.11,259.61,258.28,258.75
 2010/07/23,261,261.63,260.72,261.47
 2010/07/26,260.22,261.28,260.22,261.13
 2010/07/27,259.49,259.73,259.16,259.48
 2010/07/28,254.85,255.48,254.71,255.2
 2010/07/29,255.63,256.22,255.28,256.19
 2010/07/30,255.63,256.3,255.39,255.96
 2010/08/02,258.62,259.48,258.62,259.27
 2010/08/03,259.39,259.46,258.9,258.97
 2010/08/04,260.67,261.7,260.55,261.58
 2010/08/05,261.88,261.92,261.19,261.42
 2010/08/06,261.42,262.91,261.26,262.91
 2010/08/09,263.8,264.81,263.45,264.64
 2010/08/10,263.01,263.18,262.02,262.02
 2010/08/11,263.16,263.75,262.03,262.44
 2010/08/12,262.87,262.99,262.31,262.91
 2010/08/13,265.51,266.97,265.41,266.74
 2010/08/16,266.87,268.05,266.78,267.48
 2010/08/17,268.5,268.56,267.53,267.8
 2010/08/18,268.08,268.26,267.41,267.55
 2010/08/19,268.84,269.16,268.64,268.99
 2010/08/20,269.13,269.2,268.62,268.78
 2010/08/23,268.48,268.96,268.33,268.61
 2010/08/24,267.09,267.41,266.83,266.87
 2010/08/25,269.01,269.79,268.9,269.79
 2010/08/26,271.1,271.51,270.73,271.11
 2010/08/27,270.05,270.55,270.05,270.22
 2010/08/30,269.81,270.44,269.81,270.4
 2010/08/31,270.38,271.18,270.02,270.27
 2010/09/01,272.63,274.28,272.63,274.1
 2010/09/02,273.1,273.39,272.94,273.11
 2010/09/03,274.25,274.25,273.51,273.72
 2010/09/06,272.63,273.45,272.46,273.25
 2010/09/07,272.97,273.28,272.73,273.15
 2010/09/08,274.59,275.49,274.54,275.33
 2010/09/09,273.97,274.31,273.58,273.83
 2010/09/10,271.68,272.15,271.56,272.02
 2010/09/13,271.77,272.2,271.67,272.09
 2010/09/14,272.69,272.69,272.05,272.61
 2010/09/15,277.12,277.13,276.16,276.56
 2010/09/16,275.97,276.54,275.56,275.94
 2010/09/17,277.13,278.34,276.68,278.24
 2010/09/20,277.54,279.19,277.54,279.19
 2010/09/21,278.19,278.19,277.31,277.39
 2010/09/27,281.48,281.6,279.73,281.14
 2010/09/28,279.5,280.12,279.4,279.41
 2010/09/29,282.94,283.25,282.24,283.2
 2010/09/30,282.49,284.56,282.11,284.11
 2010/10/08,285.22,287.32,285.19,285.7
 2010/10/11,289.9,291.48,289.87,290.88
 2010/10/12,291.01,291.59,289.84,289.99
 2010/10/13,292.02,293.16,291.62,292.53
 2010/10/14,296.12,297.89,295.91,297.61
 2010/10/15,296.2,297.65,295.97,297.25
 2010/10/18,292.1,292.84,291.38,292.5
 2010/10/19,293.98,294.65,293.05,293.31
 2010/10/20,286.61,287.99,286.61,287.56
 2010/10/21,288.91,288.95,287.8,287.8
 2010/10/22,284.64,285.99,284.57,285.3
 2010/10/25,288.21,291.75,288.12,291.31
 2010/10/26,290.71,290.77,288.84,288.91
 2010/10/27,290.4,290.48,287.23,287.48
 2010/10/28,287.58,287.64,286.82,287.33
 2010/10/29,289.71,290.15,289.07,289.81
 2010/11/01,293.24,295.09,292.51,294.99
 2010/11/02,293.11,294.1,292.77,293.99
 2010/11/03,293.2,293.73,291.87,292.19
 2010/11/04,291.66,305.78,291.3,293.48
 2010/11/05,299.77,302.7,299.55,301.05
 2010/11/08,302.33,303.2,300.94,301.43
 2010/11/09,304.1,313.65,303.9,310.97
 2010/11/10,305.01,311.17,304.03,305.58
 2010/11/11,307.43,308.81,305.78,307.01
 2010/11/12,306.83,307.1,295.07,300.86
 2010/11/15,297.91,298.53,294.56,295.85
 2010/11/16,294.96,295.66,293.92,294.46
 2010/11/17,288.77,289.61,288.08,288.33
 2010/11/18,291.36,293.22,291.05,292.9
 2010/11/19,294.43,294.63,292.69,293.93
 2010/11/22,293.48,295.93,293.13,294.28
 2010/11/23,294.99,295.31,293.49,294.91
 2010/11/24,296.81,298.84,296.76,298.59
 2010/11/25,297.11,297.47,296.24,297.38
 2010/11/26,297.34,297.67,294.97,295.16
 2010/11/29,291.95,295.46,291.95,294.75
 2010/11/30,296.25,296.45,295.59,296.25
 2010/12/01,299.95,304.19,299.74,303.91
 2010/12/02,302.95,304.96,302.95,304.91
 2010/12/03,304.27,304.74,302.9,303.6
 2010/12/06,308.93,309.84,307.66,308.46
 2010/12/07,309.96,310.54,307.94,309.76
 2010/12/08,303.92,304.72,300.59,301.22
 2010/12/09,300.88,301.09,299.63,300.3
 2010/12/10,300.84,302.14,300.48,301.34
 2010/12/13,300.19,302.46,299.77,302.31
 2010/12/14,304.65,306.42,303.73,305.9
 2010/12/15,303.95,303.95,300.98,301.08
 2010/12/16,299,300.26,298.69,300.23
 2010/12/17,298.96,299.8,298.36,299.53
 2010/12/20,301.55,302.58,301.39,302.35
 2010/12/21,301.49,302.44,301.33,302.37
 2010/12/22,302.7,303.09,302,302.32
 2010/12/23,301.98,302.38,301.15,301.99
 2010/12/24,300.36,301.49,300.11,301.49
 2010/12/27,300,301.89,299.46,301.59
 2010/12/28,301.99,304.35,301.85,303.71
 2010/12/29,305.98,307.12,305.48,307.07
 2010/12/30,307.21,309.07,307.21,308.34
 2010/12/31,306.66,309.09,306.45,309.07
 2011/01/04,308.76,309.26,307.61,307.8
 2011/01/05,299.98,300.78,298.88,299.95
 2011/01/06,299.3,299.6,298.82,298.91
 2011/01/07,298,298.4,296.85,297.02
 2011/01/10,298.02,299.46,297.81,299.22
 2011/01/11,299.23,299.73,298.84,299.66
 2011/01/12,300.97,301.29,300.41,301.06
 2011/01/13,301.39,301.39,299.68,299.86
 2011/01/14,298.86,298.86,297.02,297.42
 2011/01/17,295.48,295.82,292.49,292.79
 2011/01/18,293.49,294.72,293.16,294.35
 2011/01/19,295.47,296.07,295.13,295.87
 2011/01/20,294.38,294.49,293.3,293.32
 2011/01/21,288.84,290.36,288.84,290.21
 2011/01/24,290.75,292.38,290.75,291.61
 2011/01/25,288.28,288.28,287.33,287.75
 2011/01/26,288.28,297.48,288.28,288.96
 2011/01/27,290.53,291.38,290.12,290.42
 2011/01/28,283.54,284.73,283.31,284.73
 2011/01/31,289.94,289.94,287.98,288.35
 2011/02/01,288.93,289.62,288.61,289.62
 2011/02/09,293.9,294.2,292.82,292.97
 2011/02/10,292.67,293.16,292.57,292.73
 2011/02/11,293.53,294.2,293.01,293.35
 2011/02/14,292.02,293.02,291.95,293.02
 2011/02/15,293.81,294.5,293.36,293.62
 2011/02/16,294.81,296,294.81,295.9
 2011/02/17,295.58,296.41,295.58,296.08
 2011/02/18,297.07,297.78,297.07,297.45
 2011/02/21,298.82,299.64,298.81,299.3
 2011/02/22,301.56,302.13,298.95,299.55
 2011/02/23,298.28,299.79,298.13,299.74
 2011/02/24,303.03,303.03,300.18,301.24
 2011/02/25,299.63,299.99,285.23,299.33
 2011/02/28,301.67,301.95,300.56,301.32
 2011/03/01,300.34,302.08,299.55,302.04
 2011/03/02,304.88,304.94,303.41,303.65
 2011/03/03,304.05,304.47,301.12,301.68
 2011/03/04,301.02,301.16,299.85,300.04
 2011/03/07,303.16,304.6,302.92,304.41
 2011/03/08,302.89,303.37,301.47,302
 2011/03/09,301.63,302.34,300.96,301.89
 2011/03/10,301.8,303.4,301.6,303.26
 2011/03/11,299.97,300.77,299.15,299.21
 2011/03/14,302.66,302.99,300.34,301.33
 2011/03/15,301.55,301.55,298.53,299.49
 2011/03/16,296.23,297.22,295.7,297
 2011/03/17,294.89,295.93,294.89,295.88
 2011/03/18,298.23,299.4,298.17,299.17
 2011/03/21,302.67,303.88,302.34,303.24
 2011/03/22,303.03,303.19,302.16,302.45
 2011/03/23,302.04,302.89,302.04,302.62
 2011/03/24,304.15,304.15,303.49,303.54
 2011/03/25,302.6,303.56,302.56,303.48
 2011/03/28,301.52,302.38,300.13,300.18
 2011/03/29,299.83,300.59,299.73,300.05
 2011/03/30,300.25,300.76,299.37,300.58
 2011/03/31,301.09,301.54,300.71,301.43
 2011/04/01,302.23,302.43,301.63,302.14
 2011/04/06,305.24,306.94,305.24,306.91
 2011/04/07,306.52,306.97,306.14,306.15
 2011/04/08,306.79,309.06,306.72,308.92
 2011/04/11,310.65,310.65,308.46,308.64
 2011/04/12,305.81,307.13,305.81,306.7
 2011/04/13,306.83,308.31,306.41,307.99
 2011/04/14,307.46,308.64,306.79,308.34
 2011/04/15,310.27,310.71,309.27,309.5
 2011/04/18,310.67,311.32,310.05,311.27
 2011/04/19,312.06,312.25,310.31,310.63
 2011/04/20,311.37,313.84,311.37,313.71
 2011/04/21,314.82,315.52,314.19,314.56
 2011/04/22,314.32,315.24,314.27,315.14
 2011/04/25,316.42,316.64,315.2,316.39
 2011/04/26,313.16,313.38,312.07,312.57
 2011/04/27,314.05,314.62,313.31,313.32
 2011/04/28,317.15,318.69,317.15,318.29
 2011/04/29,319.11,319.12,317.56,317.69
 2011/05/03,318.31,318.57,316.72,317.59
 2011/05/04,316.28,316.58,314.6,314.65
 2011/05/05,313.75,313.8,312.37,313.61
 2011/05/06,309.32,310.57,308.84,309.78
 2011/05/09,310.49,311.44,310.04,311.29
 2011/05/10,311.44,312.96,311.44,312.45
 2011/05/11,313.82,315.03,313.79,315.01
 2011/05/12,312.6,313.25,309.95,310.35
 2011/05/13,312.28,314.46,312.28,314.43
 2011/05/16,311.73,311.73,310.93,311.09
 2011/05/17,311.01,311.98,310.87,311.77
 2011/05/18,311.18,311.7,310.67,310.99
 2011/05/19,312.61,313,312.14,312.49
 2011/05/20,312.51,313.32,312.48,313.32
 2011/05/23,315.38,315.38,314.16,314.22
 2011/05/24,316.09,317.34,316.09,317.12
 2011/05/25,317.56,317.94,316.7,317.31
 2011/05/26,318.17,318.56,317.9,317.97
 2011/05/27,317.85,317.89,317.11,317.59
 2011/05/30,319.18,319.92,319.18,319.5
 2011/05/31,320.83,321.03,319.74,320.11
 2011/06/01,319.72,319.72,317.29,317.54
 2011/06/02,319.18,320.44,319.18,320.39
 2011/06/03,319.55,319.75,319.16,319.51
 2011/06/07,321.22,321.37,320.5,321.26
 2011/06/08,320.56,320.72,319.97,320.02
 2011/06/09,319.94,319.95,318.84,318.97
 2011/06/10,320.76,320.96,320.4,320.53
 2011/06/13,318.95,319.22,318,318.48
 2011/06/14,316.47,317.14,316.33,317.06
 2011/06/15,317.9,318.09,317.15,317.2
 2011/06/16,317.98,318.39,317.8,318.15
 2011/06/17,318.3,318.47,317.61,317.66
 2011/06/20,319.85,320.88,319.85,320.27
 2011/06/21,320.96,321.88,320.62,321.31
 2011/06/22,321.91,322.1,321.2,321.2
 2011/06/23,321.39,321.47,320.83,321.07
 2011/06/24,317.5,323.99,316.62,316.83
 2011/06/27,313.31,313.5,311.53,311.53
 2011/06/28,313.09,313.36,311.72,312.17
 2011/06/29,313.31,313.74,313.07,313.58
 2011/06/30,314.4,314.98,313.91,314.18
 2011/07/01,312.01,312.44,311.7,311.8
 2011/07/04,311.39,312.08,310.94,311.95
 2011/07/05,312.33,312.87,311.16,311.24
 2011/07/06,314.99,316.61,314.87,316.55
 2011/07/07,318,320.1,317.53,319.55
 2011/07/08,319.01,320,319.01,319.19
 2011/07/11,321.41,322.16,321.13,321.86
 2011/07/12,323.09,323.48,321.91,322.07
 2011/07/13,325.57,326.94,325.57,326.65
 2011/07/14,329.99,330.28,328.51,329.66
 2011/07/15,329.51,329.88,328,328.11
 2011/07/18,330.98,332.49,330.79,332.47
 2011/07/19,333.09,334.24,332.6,334.11
 2011/07/20,330.22,331.59,330.22,330.59
 2011/07/21,332.78,333.67,332.4,333.45
 2011/07/22,331.09,331.39,329.83,330.19
 2011/07/25,335.86,336.29,334.31,336.1
 2011/07/26,334.91,335.75,334.7,335.41
 2011/07/27,336.75,337.42,336.2,336.63
 2011/07/28,334.7,335.75,334.7,335.2
 2011/07/29,335.41,335.9,334.4,334.45
 2011/08/01,333.94,334.71,333.07,333.52
 2011/08/02,335,336.05,334.67,335.58
 2011/08/03,340.99,345.79,340.59,345.29
 2011/08/04,344.98,346.87,344.31,345.61
 2011/08/05,341.02,345.46,341.02,344.08
 2011/08/08,349.59,356.16,349.59,354.47
 2011/08/09,357.99,364.58,357.99,362.45
 2011/08/10,362.04,364.32,360.07,361.78
 2011/08/11,372.17,374.62,366.76,367.44
 2011/08/12,363.67,365.75,361.56,363
 2011/08/15,359.62,362.64,359.52,360.29
 2011/08/16,365.1,366.5,364.06,366.46
 2011/08/17,368.93,369.75,367.21,369.32
 2011/08/18,368,370.6,368,370.38
 2011/08/19,379.01,383.86,378.11,383.78
 2011/08/22,387.71,392.66,384.71,392.37
 2011/08/23,394.22,394.29,390.95,391.69
 2011/08/24,382,384.5,380.52,380.92
 2011/08/25,363.54,366.63,363.53,363.53
 2011/08/26,366,370.39,364.5,367.82
 2011/08/29,374.52,377.38,373.53,376.79
 2011/08/30,372.97,373.86,371.24,372.32
 2011/08/31,378.01,380.27,377.94,380.2
 2011/09/01,378.9,378.9,376.24,376.37
 2011/09/02,377.82,381.52,377.66,381.26
 2011/09/05,389.19,390.66,387.87,390.61
 2011/09/06,392.07,398.07,391.51,395.25
 2011/09/07,388.96,389.87,376.85,378.72
 2011/09/08,378.72,382.13,377.95,382.02
 2011/09/09,384.4,389.29,383.18,388.33
 2011/09/13,378.21,379.98,376.74,378.63
 2011/09/14,382,383.07,376.94,378.39
 2011/09/15,378.06,378.62,373.2,375.61
 2011/09/16,369.13,369.51,364.92,366.01
 2011/09/19,376.3,378.12,375.5,378.11
 2011/09/20,368.34,369.59,366.34,368.96
 2011/09/21,373.51,375.62,371.86,375.3
 2011/09/22,368.42,369.6,366.4,367.22
 2011/09/23,361.66,363.82,356.03,361.37
 2011/09/26,342.12,344.16,342.1,342.1
 2011/09/27,338.45,343.65,336.42,341.55
 2011/09/28,340.11,341.91,337.19,341.43
 2011/09/29,327.2,336.61,327.2,335.32
 2011/09/30,334.94,339.78,334.94,338.6
 2011/10/10,341.05,342.75,341.05,341.8
 2011/10/11,346.1,348.46,345.37,346.02
 2011/10/12,344.64,346.93,343.67,346.89
 2011/10/13,348.07,348.72,345.44,346.48
 2011/10/14,344.11,346.21,343.66,346.14
 2011/10/17,347.18,348.25,346.77,347.41
 2011/10/18,346.85,346.85,343.15,343.21
 2011/10/19,343.16,345.31,340.54,340.59
 2011/10/20,336.03,336.51,329.41,333.5
 2011/10/21,333.27,336.6,333.25,335.55
 2011/10/24,339.59,342.57,337.32,341.81
 2011/10/25,341.88,343.42,340.52,341.2
 2011/10/26,352.35,355.41,352.35,354.25
 2011/10/27,355.88,357.02,354.87,355.29
 2011/10/28,361.87,362.42,357.64,357.97
 2011/10/31,358.93,359.49,350.73,352.58
 2011/11/01,353.58,354.94,352.66,352.66
 2011/11/02,353.76,357.01,353.76,355.86
 2011/11/03,357.11,357.11,353.82,356.01
 2011/11/04,361.58,362.96,361.04,362.02
 2011/11/07,362.14,364.88,362.08,364.56
 2011/11/08,368.55,369.08,367.78,368.13
 2011/11/09,368.15,369.03,366.55,366.98
 2011/11/10,363.2,363.77,359.21,360.16
 2011/11/11,359.23,363.56,359.23,362.88
 2011/11/14,367.52,369.2,367.33,367.33
 2011/11/15,365.86,366.77,362.77,363.53
 2011/11/16,365.95,366.61,362.06,362.81
 2011/11/17,362.3,363.27,360.91,362.86
 2011/11/18,352.83,354.95,351.52,353.62
 2011/11/21,352.65,354.48,351.94,353.75
 2011/11/22,346.02,347.84,345.15,346.66
 2011/11/23,349.57,351.64,349.38,351.08
 2011/11/24,348.64,349.42,348.01,348.85
 2011/11/25,348.04,348.87,346.42,346.56
 2011/11/28,349.29,352,349.28,351.33
 2011/11/29,352.06,353.13,351.38,352.68
 2011/11/30,354.22,355.5,353.28,353.28
 2011/12/01,360.64,361.85,358.79,359.03
 2011/12/02,359.03,359.59,357.75,359.09
 2011/12/05,360.17,360.17,358.7,358.99
 2011/12/06,354.56,354.84,351.45,352.78
 2011/12/07,356.2,356.25,355.54,356.25
 2011/12/08,357.87,357.92,357.02,357.88
 2011/12/09,352.33,352.99,351.28,351.37
 2011/12/12,352.6,352.67,346.43,346.99
 2011/12/13,342.52,342.82,339.51,339.69
 2011/12/14,336.41,338.1,336.05,337.55
 2011/12/15,325.81,326.01,322.36,322.36
 2011/12/16,325.03,328.78,324.83,328.71
 2011/12/19,329.52,329.58,326.39,328.39
 2011/12/20,329.19,329.72,328.26,329.7
 2011/12/21,334,335.09,333.11,334.47
 2011/12/22,332.31,332.47,329.27,331.5
 2011/12/23,331.2,332.29,330.65,330.93
 2011/12/26,330.22,330.66,326.45,327.33
 2011/12/27,327.36,328.26,325.95,326.22
 2011/12/28,324.58,325.61,323.88,324.18
 2011/12/29,317.99,318.5,315.94,316.01
 2011/12/30,317.8,320.19,317.75,319.47
 2012/01/04,329,329,325.7,327.31
 2012/01/05,330,332.07,328.68,331.95
 2012/01/06,331.12,333.64,330.75,333.44
 2012/01/09,330.05,330.77,328.66,330.34
 2012/01/10,330.22,332.73,329.99,332.25
 2012/01/11,334.93,336.36,333.91,336.26
 2012/01/12,336.21,337.66,335.84,337.07
 2012/01/13,337.32,337.32,333.66,336.74
 2012/01/16,334.23,336.44,333.67,335.23
 2012/01/17,336.48,340.15,336.42,339.84
 2012/01/18,338.45,339.35,336.15,338.72
 2012/01/19,339.09,341.16,339.09,340.75
 2012/01/20,339.22,339.76,337.99,339.7
 2012/01/30,354.09,354.89,352.77,353.35
 2012/01/31,354.33,355.77,354.13,355.1
 2012/02/01,354.99,355.9,354.06,354.14
 2012/02/02,357.13,357.9,356.13,356.9
 2012/02/03,358.52,358.91,358.13,358.62
 2012/02/06,353.17,354.69,353.13,353.38
 2012/02/07,351.34,352.69,351.16,352.69
 2012/02/08,356.27,357.93,356.27,357.79
 2012/02/09,353.57,355.21,352.48,355.19
 2012/02/10,353.21,354.19,352.95,353.25
 2012/02/13,351.94,353.3,351.54,352.68
 2012/02/14,351.59,351.93,350.04,350.45
 2012/02/15,351.31,352.78,351.31,352.26
 2012/02/16,352.43,352.43,350.06,350.86
 2012/02/17,353.04,354.11,353.04,353.42
 2012/02/20,354.19,354.69,353.82,353.83
 2012/02/21,354.01,355.86,353.44,355.68
 2012/02/22,358.34,358.53,357.89,358.31
 2012/02/23,361.82,362.56,361.42,362.54
 2012/02/24,362.49,363.15,361.96,362.28
 2012/02/27,361.59,362.84,360.88,360.96
 2012/02/28,360.47,362,360.32,361.91
 2012/02/29,364.22,364.94,363.9,364.78
 2012/03/01,348.86,351.69,348.86,349.9
 2012/03/02,350.87,351.79,350.44,350.53
 2012/03/05,349.73,350.42,348.67,348.88
 2012/03/06,348.5,348.92,346.78,346.83
 2012/03/07,341.99,342.63,341.26,341.34
 2012/03/08,343.67,344.74,343.38,344.67
 2012/03/09,346.74,348.31,346.35,347.78
 2012/03/12,349.23,349.67,347.32,347.98
 2012/03/13,347.45,348.17,347.39,347.62
 2012/03/14,342.7,343.36,341.21,341.42
 2012/03/15,335.29,338.15,335.26,337.43
 2012/03/16,339.24,341.01,339.23,340.8
 2012/03/19,340.42,341.39,340.15,340.99
 2012/03/20,341.11,341.33,338.44,338.59
 2012/03/21,338.82,339.47,337.63,338.65
 2012/03/22,338.47,339.23,337.39,338.06
 2012/03/23,337.66,338.02,336.31,337.23
 2012/03/26,340.81,342.79,340.15,340.77
 2012/03/27,345.65,345.94,345.07,345.84
 2012/03/28,344.16,344.19,342.38,342.43
 2012/03/29,340.21,340.21,338.66,340.03
 2012/03/30,340.05,340.46,339.77,340.34
 2012/04/05,332.03,333.5,332.03,333.18
 2012/04/06,333.93,334.47,332.84,334.47
 2012/04/09,335.81,336.82,334.81,336.49
 2012/04/10,336.78,339.47,336.78,337.66
 2012/04/11,339.12,340.05,338.7,340.02
 2012/04/12,339.73,339.79,338.96,339.32
 2012/04/13,342.78,342.99,342.09,342.54
 2012/04/16,338.2,338.42,335.58,335.75
 2012/04/17,337.56,337.63,336.2,336.2
 2012/04/18,337.45,338.38,337.1,338.3
 2012/04/19,335.75,335.92,334.98,335.84
 2012/04/20,335.76,336.93,335.69,336.22
 2012/04/23,335.62,336.39,335.62,335.87
 2012/04/24,335.28,335.92,334.78,335.02
 2012/04/25,336.45,336.49,335.94,336.17
 2012/04/26,336.45,337.94,336.42,337.93
 2012/04/27,339.26,339.31,338.14,338.15
 2012/05/02,339.86,339.89,337.92,338.11
 2012/05/03,337.83,338.06,335.77,335.87
 2012/05/04,334.52,335.02,334.17,334.52
 2012/05/07,335.32,335.74,334.17,335.26
 2012/05/08,334.89,335.24,333.49,333.58
 2012/05/09,328.01,328.37,325.55,325.91
 2012/05/10,326.36,326.82,325.81,326.41
 2012/05/11,326,326.04,323.91,324.17
 2012/05/14,324.6,324.91,322.59,322.89
 2012/05/15,318.98,319.28,317.31,318.91
 2012/05/16,315.79,316.77,313.74,313.96
 2012/05/17,316.96,318.95,316.54,318.32
 2012/05/18,322.99,323.74,321.5,323.18
 2012/05/21,326.97,327.97,326.95,327.52
 2012/05/22,326.45,327.02,325.15,325.25
 2012/05/23,319.62,320.53,318.92,320.01
 2012/05/24,320.26,321.46,319.29,321.39
 2012/05/25,320.32,322.75,318.84,321.73
 2012/05/28,323.76,326.61,323.64,326.28
 2012/05/29,324.48,325.95,324.14,325.48
 2012/05/30,320.3,320.78,318.88,319.85
 2012/05/31,322.63,324.41,322.49,322.94
 2012/06/01,321.38,322.88,320.69,322.61
 2012/06/04,333.49,337.03,333.02,335.66
 2012/06/05,335.1,336.03,333.65,334.35
 2012/06/06,336.93,337.21,335.56,336.34
 2012/06/07,335.46,335.58,333.88,334.68
 2012/06/08,327.02,327.71,322.7,324.92
 2012/06/11,330.94,331.12,329.13,329.84
 2012/06/12,328.59,329.17,327.75,328.33
 2012/06/13,330.98,332.68,330.86,332.59
 2012/06/14,333.39,335,333.09,333.6
 2012/06/15,334.41,335.65,334.4,335.24
 2012/06/18,335.73,336.4,333.31,333.5
 2012/06/19,335.56,336.18,335.14,335.5
 2012/06/20,333.32,334.15,332.93,333.49
 2012/06/21,329.31,330.7,328.75,330.14
 2012/06/25,325,325.58,324.56,325.12
 2012/06/26,327.6,327.73,326.45,326.9
 2012/06/27,325,325.42,323.82,324.34
 2012/06/28,326.01,326.41,325.08,325.39
 2012/06/29,321.34,325.11,321.11,324.51
 2012/07/02,329.2,329.21,327.74,328.1
 2012/07/03,329.2,331.78,328.89,331.72
 2012/07/04,333.34,333.83,332.79,333.29
 2012/07/05,333.31,333.99,332.56,333.79
 2012/07/06,331.75,331.8,330.4,330.59
 2012/07/09,326.99,327.5,326.5,326.9
 2012/07/10,327.5,328.36,327.08,327.29
 2012/07/11,325,326.35,324.9,326.1
 2012/07/12,325.92,326.07,324.2,324.7
 2012/07/13,324.7,326.94,324.64,326.44
 2012/07/16,328.23,329.24,326.84,328.82
 2012/07/17,329.74,330.36,328.76,329.64
 2012/07/18,328.04,328.34,326.2,327.13
 2012/07/19,326.17,327.67,326.17,326.95
 2012/07/20,327.3,327.65,326.94,327.5
 2012/07/23,326.73,327.2,325.61,326.14
 2012/07/24,326.38,327.19,326.05,326.5
 2012/07/25,327,328.63,327,327.49
 2012/07/26,331.73,333.18,331.2,332.87
 2012/07/27,333.88,335.47,333.43,335.29
 2012/07/30,335.71,335.85,334.01,334.45
 2012/07/31,334.97,336.26,334.96,335.58
 2012/08/01,333.27,334.34,332.86,334.12
 2012/08/02,331,331.98,330.57,331.48
 2012/08/03,329.01,329.93,329.01,329.85
 2012/08/06,332.11,333.27,332.1,332.9
 2012/08/07,333.75,333.95,333.07,333.68
 2012/08/08,333.42,333.79,332.45,332.55
 2012/08/09,333.82,334.99,333.82,334.81
 2012/08/10,334.39,334.52,333.41,334
 2012/08/13,335.08,336.49,334.95,336.01
 2012/08/14,333.74,334.27,333.21,334.03
 2012/08/15,331.28,331.91,330.91,331.15
 2012/08/16,332.48,332.84,331.52,331.71
 2012/08/17,334.7,335.37,334.43,335.28
 2012/08/20,334.73,335.42,334.46,335.12
 2012/08/21,335.27,336.39,335.27,336.29
 2012/08/22,338.81,339.79,338.8,339.52
 2012/08/23,342.49,346.35,342.49,345.98
 2012/08/24,345.96,345.97,344.36,344.78
 2012/08/27,346.79,348.27,346.34,346.61
 2012/08/28,343.72,343.98,343.13,343.85
 2012/08/29,344.34,345.83,344.34,345.5
 2012/08/30,342.62,343.93,342.5,343.38
 2012/08/31,342.97,343.58,342.21,343.38
 2012/09/03,349.75,350.73,349.53,349.7
 2012/09/04,351.29,351.82,350.16,350.32
 2012/09/05,349.99,350.6,349.66,350.15
 2012/09/06,350.19,354.01,350.19,352.63
 2012/09/07,350.98,351.38,348.66,349.63
 2012/09/10,358.41,359.57,357.98,358.2
 2012/09/11,357.2,357.96,356.6,357.77
 2012/09/12,358.71,358.71,357.54,357.89
 2012/09/13,357.5,357.5,356.04,356.12
 2012/09/14,365.21,366.31,364.95,365.24
 2012/09/17,364.96,365.92,364.14,364.49
 2012/09/18,361.27,362.17,360.75,361.98
 2012/09/19,364.01,366.41,362.77,365.64
 2012/09/20,364.14,364.71,361.92,362.17
 2012/09/21,364.64,364.8,363.56,364.02
 2012/09/24,362.31,362.41,359.38,360.58
 2012/09/25,362.28,362.38,360.82,361.35
 2012/09/26,360.49,361.85,360.49,361.38
 2012/09/27,359.51,361.25,359.51,360.69
 2012/09/28,365.46,366.02,364.63,365.95
 2012/10/08,364.63,364.64,360.65,361.82
 2012/10/09,363.34,363.67,362.41,362.43
 2012/10/10,359.62,360.51,359.15,360.33
 2012/10/11,359.55,360.76,359.24,360.4
 2012/10/12,360.97,361.53,360.57,360.8
 2012/10/15,355.56,355.56,354.09,355.21
 2012/10/16,353.23,354.85,353.23,354.75
 2012/10/17,356.22,357.25,356.14,356.18
 2012/10/18,356.04,356.59,355.5,355.83
 2012/10/19,354.18,354.66,352.12,352.83
 2012/10/22,350.74,351.33,349.82,351.33
 2012/10/23,351.03,351.9,350.36,350.9
 2012/10/24,348.67,349.86,346.54,348.71
 2012/10/25,348.23,349.78,347.4,349.33
 2012/10/26,349.29,349.46,345.98,346.71
 2012/10/29,348.54,349.64,348.25,348.99
 2012/10/30,348.21,348.55,347.63,348.4
 2012/10/31,348.22,349.08,348.02,348.68
 2012/11/01,349.88,350.76,349.53,350.53
 2012/11/02,349.13,349.23,346.06,346.87
 2012/11/05,341.92,341.92,340.74,341.09
 2012/11/06,341.81,343.22,341.81,342.96
 2012/11/07,347.31,351.28,346.82,350.83
 2012/11/08,348.54,349.77,348.38,349.57
 2012/11/09,352.02,353.73,352.02,353.38
 2012/11/12,353.24,353.49,351.91,352.53
 2012/11/13,350.09,350.75,349.36,350.35
 2012/11/14,350.91,353.05,350.69,351.4
 2012/11/15,350.58,351.2,350.08,350.4
 2012/11/16,349.04,349.19,347.94,348.23
 2012/11/19,349.45,350.86,349.35,350.67
 2012/11/20,352.53,353.17,352.53,352.58
 2012/11/21,351.46,351.69,349.44,350.88
 2012/11/22,352.48,352.77,351.97,351.97
 2012/11/23,352,352.84,351.76,352.8
 2012/11/26,356.54,356.54,355.72,356.15
 2012/11/27,356.5,356.71,355.9,355.96
 2012/11/28,354.4,354.69,353.32,353.7
 2012/11/29,350.35,350.63,349.41,349.47
 2012/11/30,350.84,352.01,350.45,351.9
 2012/12/03,349.35,349.5,348.14,348.96
 2012/12/04,347.94,347.99,344.44,345.26
 2012/12/05,344.15,346.22,344.15,346.13
 2012/12/06,344.06,344.61,342.68,343.35
 2012/12/07,345.84,346.31,345.5,346.02
 2012/12/10,346.83,347.29,346.39,346.97
 2012/12/11,347.1,347.59,346.85,347.44
 2012/12/12,347.53,348.33,347.35,348.15
 2012/12/13,346.7,346.7,343.64,344.77
 2012/12/14,343.93,345.58,343.93,345.21
 2012/12/17,343.68,344.33,343.17,343.68
 2012/12/18,345.43,348.04,345.43,347.35
 2012/12/19,341.5,341.97,340.87,341.82
 2012/12/20,340.1,341.05,339.7,340.73
 2012/12/21,336.01,336.4,333.53,335.89
 2012/12/24,337.18,339.23,336.61,338.79
 2012/12/25,337.25,338.77,337.1,337.22
 2012/12/26,336.71,337.7,336.58,337.36
 2012/12/27,336.99,338.97,336.79,337.93
 2012/12/28,339.17,340.08,339.03,339.17
 2012/12/31,338.65,340.49,338.26,340.24
 2013/01/04,337.15,337.15,335.36,336.8
 2013/01/07,337.97,339.47,337.95,338.51
 2013/01/08,336.97,337.27,336.18,336.5
 2013/01/09,338.5,339.51,338.21,339.28
 2013/01/10,337.47,339.04,337.25,338.65
 2013/01/11,341.69,341.86,340.79,341.36
 2013/01/14,338.98,340.38,338.98,340.31
 2013/01/15,340.62,341.74,339.87,340.87
 2013/01/16,343.5,343.6,342.61,343.5
 2013/01/17,342.52,342.84,341.68,342.48
 2013/01/18,344,344.48,343.81,344.27
 2013/01/21,343.69,344.4,343.69,344.07
 2013/01/22,344.21,345.6,344.11,345.5
 2013/01/23,345.11,345.36,344.45,344.81
 2013/01/24,342,342.69,341.2,341.74
 2013/01/25,338.51,340.2,338.51,340.11
 2013/01/28,337.8,338.64,337.8,338.48
 2013/01/29,338.02,339.1,337.83,339.08
 2013/01/30,339.36,339.83,338.92,339.51
 2013/01/31,341.78,342.05,341.19,341.32
 2013/02/01,338.21,338.79,337.97,338.68
 2013/02/04,339.2,340.75,338.9,340.17
 2013/02/05,340.9,341.95,340.81,341.86
 2013/02/06,340.92,341.12,340.13,340.85
 2013/02/07,341.9,342.43,341.44,341.76
 2013/02/08,339.81,341.33,339.81,341.13
 2013/02/18,329.73,330.34,329.35,329.82
 2013/02/19,329.58,330.17,329.58,329.78
 2013/02/20,328.74,329.15,328.51,329.03
 2013/02/21,321.35,321.63,318.13,320.92
 2013/02/22,322.61,324.82,322.58,324.38
 2013/02/25,322.95,324.87,322.8,324.11
 2013/02/26,326.35,326.5,324.41,324.65
 2013/02/27,329.05,329.05,328.06,328.17
 2013/02/28,325.84,327.23,325.49,326.44
 2013/03/01,323.69,323.71,322.65,323.13
 2013/03/04,323.47,324.2,322.34,322.62
 2013/03/05,322.44,323.79,322.33,323.53
 2013/03/06,322.74,323.12,322.08,322.41
 2013/03/07,323.24,323.68,322.67,323.13
 2013/03/08,322.25,322.65,321.1,321.39
 2013/03/11,321.56,322.93,321.56,322.82
 2013/03/12,321.82,322.9,321.82,322.21
 2013/03/13,324.64,324.73,323.19,324.4
 2013/03/14,322.91,323.52,322.14,323.06
 2013/03/15,323.78,324.3,323.55,324.3
 2013/03/18,325.93,325.95,323.18,324.29
 2013/03/19,325.3,326.05,324.64,325.85
 2013/03/20,326.74,327.28,326.31,327.04
 2013/03/21,325.34,326.58,325.17,326.24
 2013/03/22,327.16,327.29,326.49,326.53
 2013/03/25,325.11,326.81,325.11,325.82
 2013/03/26,325,325.39,324.34,324.83
 2013/03/27,324.79,324.93,323.14,323.17
 2013/03/28,325.28,325.75,325.22,325.35
 2013/03/29,323.25,323.92,322.47,323.7
 2013/04/01,324.07,324.62,323.19,323.25
 2013/04/02,324.5,325.02,323.7,324.09
 2013/04/03,319.3,319.39,316.04,316.63
 2013/04/08,318.77,320.07,318.73,319.77
 2013/04/09,318.21,319.46,318.21,319.33
 2013/04/10,321.47,321.49,320.52,320.74
 2013/04/11,314.59,315.52,314.21,314.91
 2013/04/12,315.49,315.84,314.9,315.11
 2013/04/15,299.59,299.59,299.52,299.53
 2013/04/16,275.6,277.78,275.59,276.83
 2013/04/17,276.57,277.63,273.54,275.83
 2013/04/18,272.52,277.25,265.28,276.83
 2013/04/19,277.77,285.91,276.96,283.28
 2013/04/22,284.16,285.91,283.61,284.26
 2013/04/23,285.29,285.8,280.61,282.42
 2013/04/24,283.52,286.92,283.42,285.87
 2013/04/25,287.24,290.91,286.57,289.86
 2013/04/26,296.99,299.42,295.29,295.75
 2013/05/02,291.72,291.72,289.38,290.8
 2013/05/03,292.93,295.31,292.93,295.25
 2013/05/06,295.28,296.35,294.01,294.01
 2013/05/07,293.4,293.78,289.86,289.97
 2013/05/08,289.04,290.87,287.35,290.36
 2013/05/09,293.18,294.38,292.56,292.84
 2013/05/10,289.11,291.63,288.74,291.63
 2013/05/13,286.81,287.71,284.21,285.52
 2013/05/14,286.88,288.55,286.37,286.44
 2013/05/15,284.13,285.3,281.64,281.92
 2013/05/16,278.13,279.43,277.72,278.3
 2013/05/17,278.32,279.39,275.17,275.33
 2013/05/20,269.83,271.15,268.65,269.74
 2013/05/21,280.15,281.06,276.9,279.67
 2013/05/22,276.82,279.21,276.47,279.02
 2013/05/23,273.73,276.82,272.6,276.41
 2013/05/24,279.17,279.96,278.07,278.44
 2013/05/27,277.14,279.61,277.14,279.36
 2013/05/28,278.43,279.26,277.91,278.49
 2013/05/29,277.89,278.8,276.76,277.49
 2013/05/30,278.55,282.5,278.15,281.89
 2013/05/31,283.13,284.67,282.9,283.58
 2013/06/03,279.63,280.14,278.83,279.52
 2013/06/04,283.4,283.42,281.05,281.25
 2013/06/05,279.96,281.53,279.31,280.61
 2013/06/06,280.45,280.6,278.67,278.98
 2013/06/07,279.59,283.11,279.59,281.78
 2013/06/13,282.35,282.35,276.69,278.28
 2013/06/14,278.04,278.14,276.67,277.13
 2013/06/17,277.99,278.5,277.52,277.57
 2013/06/18,277.03,277.46,275.52,275.97
 2013/06/19,274.18,274.68,273.28,274.49
 2013/06/20,269.15,270.1,266.75,266.96
 2013/06/21,269.03,269.03,255.62,261.3
 2013/06/24,260.74,261.88,256.37,256.91
 2013/06/25,257.85,259.55,256.7,257.9
 2013/06/26,256.6,257,249.4,251.05
 2013/06/27,248.4,251.4,248.4,250.5
 2013/06/28,240.2,245.15,239.1,243.8
 2013/07/01,248.5,252.8,247.25,252.4
 2013/07/02,253.7,255.3,253.3,254.8
 2013/07/03,254.35,254.35,251.35,252.35
 2013/07/04,254,255.15,253.2,253.45
 2013/07/05,252.5,252.7,250.15,251.3
 2013/07/08,247.55,247.55,244.15,245.95
 2013/07/09,251.3,254.5,248.05,253.35
 2013/07/10,252.4,253.5,250.7,251.75
 2013/07/11,253,262.05,251.65,259.6
 2013/07/12,259.4,259.85,256.9,257.1
 2013/07/15,257,260.9,256.65,259.15
 2013/07/16,258.6,259.4,257.4,258.45
 2013/07/17,260.1,261,259.05,259.35
 2013/07/18,260.35,261.4,255.2,256.6
 2013/07/19,258.3,259.75,257,258.55
 2013/07/22,259,265.35,258.75,264.25
 2013/07/23,265,267.95,264.8,266.2
 2013/07/24,266.1,268.85,265.7,267.75
 2013/07/25,266.1,267.15,263.05,264.05
 2013/07/26,264.7,267.3,264.25,265.9
 2013/07/29,264,265.1,262.05,263.3
 2013/07/30,264.1,264.8,263.35,263.5
 2013/07/31,263.85,266.8,262.65,265.9
 2013/08/01,263.9,265.65,260.75,263.5
 2013/08/02,264.25,264.25,254.7,257.1
 2013/08/05,262.95,263.95,261.15,262.45
 2013/08/06,260.85,261.75,257.3,258.45
 2013/08/07,258.05,258.05,254.65,256.1
 2013/08/08,256.1,259.25,255.8,258.1
 2013/08/09,258.65,262.95,258.2,261.55
 2013/08/12,261.1,266.45,260.95,266.05
 2013/08/13,265.8,268.3,265.75,267.65
 2013/08/14,266.75,267.25,263.1,263.8
 2013/08/15,264.8,269.15,263.8,268.05
 2013/08/16,264.25,275.05,263.9,271.95
 2013/08/19,272.55,276.6,271.8,274.55
 2013/08/20,274.15,274.3,270.05,271.2
 2013/08/21,273.15,274.7,272.5,273.2
 2013/08/22,273.05,274.2,271.3,272.35
 2013/08/23,274.2,275.75,273.05,274.7
 2013/08/26,273.75,279.35,273.65,278.55
 2013/08/27,278.35,279.65,277.3,279.25
 2013/08/28,282.35,285.55,281.6,284.25
 2013/08/29,284.35,284.75,279.7,281
 2013/08/30,281.8,281.8,279.6,280.15
 2013/09/02,278.05,279.85,276.5,278.55
 2013/09/03,277.85,278.9,277.25,277.6
 2013/09/04,279.3,282.6,279.1,280.5
 2013/09/05,277.85,278.05,275.1,276.5
 2013/09/06,277.1,277.3,272.45,273.8
 2013/09/09,276.1,277.55,275.8,276.8
 2013/09/10,276.9,277.25,274.35,275.05
 2013/09/11,272.65,273.15,270.75,272.95
 2013/09/12,271.85,272.6,268.35,268.6
 2013/09/13,266.3,266.3,261.3,262.75
 2013/09/16,263.35,266.45,261.3,264.05
 2013/09/17,262.35,264.45,261.2,262.35
 2013/09/18,262.2,262.5,257.65,260.4
 2013/09/23,263.4,265.5,261.85,264.35
 2013/09/24,263.85,265.3,263.05,263.95
 2013/09/25,261.65,265.35,260.75,264.5
 2013/09/26,263.65,266.95,263.5,265.5
 2013/09/27,266.1,266.4,263.5,264.25
 2013/09/30,266.1,267.7,265.7,267.45
 2013/10/08,266.6,266.6,264.15,265
 2013/10/09,264.2,265.6,263.15,263.45
 2013/10/10,261.9,262.7,259.5,260.8
 2013/10/11,259.9,260.45,257.55,257.9
 2013/10/14,255.3,255.55,253.05,255.4
 2013/10/15,256.05,257.35,253.55,254.4
 2013/10/16,253.25,257.4,252.4,257.4
 2013/10/17,256,257.5,254.2,254.95
 2013/10/18,260.15,264.15,260.15,263.4
 2013/10/21,262.5,263.5,261.75,263.25
 2013/10/22,262.55,263.1,261.85,262.35
 2013/10/23,263.85,267.1,263.85,265.35
 2013/10/24,265.45,266.15,264.5,265.9
 2013/10/25,265.7,266.75,264.65,264.85
 2013/10/28,265.2,267.25,264.5,266.3
 2013/10/29,266.4,267.85,266.05,266.7
 2013/10/30,266.05,266.25,263.9,265.9
 2013/10/31,266.2,268.25,263.5,264.25
 2013/11/01,263.55,263.55,261.6,262.85
 2013/11/04,261.7,261.7,259.45,260.95
 2013/11/05,261.15,262.4,260.65,261.1
 2013/11/06,260.6,261.8,259.55,260.6
 2013/11/07,260.35,262.05,260.35,261.8
 2013/11/08,261.3,262.6,257.65,259.9
 2013/11/11,259.1,260.45,255.1,255.6
 2013/11/12,254.4,255.2,253.4,254.4
 2013/11/13,253.7,255.3,252.2,252.95
 2013/11/14,253.2,255.95,252.5,255.15
 2013/11/15,253.35,256.85,253.35,255.75
 2013/11/18,254.45,256.2,254.45,255.9
 2013/11/19,254,255.3,252.3,253.05
 2013/11/20,253.15,253.95,253,253.8
 2013/11/21,250.95,252.85,248.55,248.75
 2013/11/22,248.8,249.05,247.2,248.65
 2013/11/25,249.2,249.25,245.25,245.75
 2013/11/26,245.75,250.15,245.15,249.95
 2013/11/27,247.8,249.15,247.7,248.5
 2013/11/28,247.9,250.05,246.8,247.45
 2013/11/29,246.7,248.55,246.7,247.8
 2013/12/02,249.8,249.95,248.3,249
 2013/12/03,246.15,247.4,244.3,245.05
 2013/12/04,245.1,245.45,244.25,244.7
 2013/12/05,241.4,249.85,241.4,247.7
 2013/12/06,243.9,247.3,243.9,245.85
 2013/12/09,245.85,249,242.8,246.65
 2013/12/10,246.7,249.25,246.65,249.15
 2013/12/11,249.7,252,249.45,250.9
 2013/12/12,250.2,251.8,249.55,250
 2013/12/13,246.75,247.1,244.4,244.7
 2013/12/16,240.75,246.25,240.75,245.65
 2013/12/17,245.8,249.4,245.7,247.95
 2013/12/18,246.35,247.85,245.15,245.65
 2013/12/19,245.7,246.8,242.9,243.75
 2013/12/20,240.3,240.9,238.2,238.35
 2013/12/23,238.65,240.95,237.9,240.2
 2013/12/24,239.6,240.3,238.7,239
 2013/12/25,239.5,240.9,239.2,240.9
 2013/12/26,241,241,240.2,240.6
 2013/12/27,240.7,243.2,240.6,242.85
 2013/12/30,242.5,243.85,241,241.05
 2013/12/31,240.55,241.8,238.6,239.4
 2014/01/02,241.1,244.9,241.1,244.45
 2014/01/03,242.85,246.95,242.8,246.4
 2014/01/06,245.4,248.3,244.65,246.9
 2014/01/07,246.35,248.3,246,246.95
 2014/01/08,246.2,246.6,243.6,243.8
 2014/01/09,244.5,244.95,242.3,243.75
 2014/01/10,244.3,245.75,242.85,244.9
 2014/01/13,245,249.15,243.8,247.45
 2014/01/14,247,248.5,246.3,247.7
 2014/01/15,246.9,248.05,245.05,245.5
 2014/01/16,245.25,246.2,245.15,245.75
 2014/01/17,245.05,246.4,244.75,245.95
 2014/01/20,245.5,248.45,245.45,248
 2014/01/21,248.05,248.25,246.95,247.4
 2014/01/22,245.8,246,244.25,245
 2014/01/23,245.1,245.5,243.2,244.4
 2014/01/24,246.65,248.8,246.25,248.25
 2014/01/27,249.95,250.95,248.3,249.6
 2014/01/28,248.85,249.25,247.35,247.85
 2014/01/29,247.5,248.3,245.9,247.55
 2014/01/30,248.7,249.45,247.8,247.95
 2014/02/07,247.5,249,247.35,248.7
 2014/02/10,248.8,251.25,247.5,250.9
 2014/02/11,251.3,253.4,250.95,252.7
 2014/02/12,253.35,254,251.25,253.1
 2014/02/13,253.7,254.4,253.05,253.55
 2014/02/14,254,256.9,253.7,256.85
 2014/02/17,258.4,262.6,258,261.2
 2014/02/18,261.25,261.3,258.55,259.1
 2014/02/19,258.4,260.4,258.15,259.4
 2014/02/20,259.35,260.1,257.5,258.55
 2014/02/21,258.05,259.95,257.65,259.6
 2014/02/24,260.15,261.65,259.15,261.5
 2014/02/25,262.45,263.55,261.5,262.9
 2014/02/26,263.05,265.9,262.8,265.05
 2014/02/27,263,263.65,261,261.9
 2014/02/28,262.3,263.5,261.95,262.6
 2014/03/03,263,266,260.95,265.6
 2014/03/04,265.8,267.55,263.7,264
 2014/03/05,263.1,264.15,262.7,263.2
 2014/03/06,263.35,264.55,262.45,262.8
 2014/03/07,262.7,266.05,262.7,265.6
 2014/03/10,265.4,266.4,259.3,261.4
 2014/03/11,262.65,264.35,262,263.55
 2014/03/12,264.95,268.2,262.5,266.95
 2014/03/13,268.25,271.05,267.9,269.75
 2014/03/14,269,271,268.65,269.6
 2014/03/17,272.3,273.45,270.4,272.75
 2014/03/18,269.75,269.75,267.45,268.7
 2014/03/19,266.35,268.7,266.3,267.8
 2014/03/20,265.6,267.1,263.65,264.95
 2014/03/21,263.45,266,263.45,265
 2014/03/24,266.15,266.5,263.3,263.5
 2014/03/25,261.6,262.45,260.4,261.15
 2014/03/26,260.35,262.15,260.3,261.7
 2014/03/27,261.25,261.25,259.05,259.75
 2014/03/28,258.2,259.55,257.9,259.4
 2014/03/31,258.35,260.3,257.6,258.75
 2014/04/01,258.65,259.35,256.3,257.25
 2014/04/02,257.4,257.8,256.4,257.7
 2014/04/03,258.95,259.4,258.45,259.1
 2014/04/04,258,258.3,257.1,258.25
 2014/04/08,259.5,262.6,259.5,262.25
 2014/04/09,262.85,263.2,262,262.35
 2014/04/10,260.8,263.7,260.2,263.55
 2014/04/11,263.5,264.4,263,263.2
 2014/04/14,263.4,265.85,263.1,265.6
 2014/04/15,264.95,266,262.2,262.25
 2014/04/16,260.25,260.25,258.5,259.9
 2014/04/17,260.2,260.85,259,259.05
 2014/04/18,259.7,260.05,258.05,258.7
 2014/04/21,258.45,259.25,255.65,256.95
 2014/04/22,257.15,258.55,256.35,258.35
 2014/04/23,257.9,258,255.95,257.45
 2014/04/24,257.6,257.85,256.6,257.45
 2014/04/25,255.35,264.55,255.05,259.45
 2014/04/28,262,263.4,262,262.65
 2014/04/29,262.7,262.8,260.45,260.5
 2014/04/30,261.05,262.1,260.65,260.9
 2014/05/05,262.1,264.2,262.1,264.05
 2014/05/06,265.15,265.25,263.55,263.95
 2014/05/07,263.25,264,262.75,263.4
 2014/05/08,262.15,262.45,259.4,259.8
 2014/05/09,259.25,260.1,258.8,259.7
 2014/05/12,259.5,259.95,258.5,259.5
 2014/05/13,261.8,262.35,260.15,260.2
 2014/05/14,261.25,261.4,260.1,260.7
 2014/05/15,263.1,263.1,261.3,261.75
 2014/05/16,260.25,261.7,260.2,260.45
 2014/05/19,259.75,261.35,259.65,261.2
 2014/05/20,262.35,262.4,259.1,259.9
 2014/05/21,259.55,261.2,259.2,260.35
 2014/05/22,259.6,261.1,258.75,260.9
 2014/05/23,261.85,261.9,260.35,260.9
 2014/05/26,260.4,260.95,260.2,260.55
 2014/05/27,260.55,260.75,258.9,259.1
 2014/05/28,257.45,257.9,254.85,255.2
 2014/05/29,255.65,255.65,252.25,252.4
 2014/05/30,252.95,253.85,252.45,253.3
 2014/06/03,251,251.5,249.6,251.3
 2014/06/04,251,251.55,250.25,251.4
 2014/06/05,251.5,251.8,250.7,251.15
 2014/06/06,252.85,253.95,252.1,253.55
 2014/06/09,253.55,253.75,251.85,252.9
 2014/06/10,252.8,253.2,252.5,252.6
 2014/06/11,253.55,254.2,253.35,254.2
 2014/06/12,254.35,254.35,253.45,253.7
 2014/06/13,254.4,256.25,254.15,255.7
 2014/06/16,255.4,258.05,255.25,257.85
 2014/06/17,257.55,257.55,254.45,254.65
 2014/06/18,254.2,255.95,254.05,255
 2014/06/19,255.65,258.1,255.05,257.85
 2014/06/20,259,266,258.85,264.55
 2014/06/23,264.65,266.3,264.1,265.8
 2014/06/24,265.8,265.9,264.8,265.3
 2014/06/25,266.2,266.55,263.8,264.5
 2014/06/26,265.2,266.25,264.25,264.3
 2014/06/27,264.25,265.65,263.4,265.15
 2014/06/30,264.55,265.2,263.8,263.9
 2014/07/01,263.8,269,263.6,265.6
 2014/07/02,265.85,266.8,265.3,265.95
 2014/07/03,266.1,267.1,264.65,265.2
 2014/07/04,264,265.6,263.8,265.35
 2014/07/07,265.5,265.55,262.65,262.9
 2014/07/08,263.35,264.4,262.4,264.15
 2014/07/09,264.65,265.4,262.9,265.25
 2014/07/10,265.5,266.65,264.55,266.05
 2014/07/11,268.25,269.35,268.05,268.4
 2014/07/14,268.55,268.85,264.1,264.3
 2014/07/15,263.1,263.1,261.2,262.45
 2014/07/16,262.2,263.15,259,260
 2014/07/17,260.5,262.35,260.1,261.5
 2014/07/18,261.7,265.5,261,263.25
 2014/07/21,262.35,263.3,261.45,263.3
 2014/07/22,263.45,263.6,261.6,262.1
 2014/07/23,263.1,263.3,261.3,261.9
 2014/07/24,262.4,262.4,259.15,260
 2014/07/25,260.2,260.4,257.75,258.5
 2014/07/28,258.8,261.45,258.55,260.9
 2014/07/29,260.8,261.4,260,260.95
 2014/07/30,262,262.1,259.2,259.75
 2014/07/31,259.7,259.75,258.05,259
 2014/08/01,257.4,257.95,256.25,256.6
 2014/08/04,257.4,259.55,257.3,258.9
 2014/08/05,258.5,259.1,257.4,258.1
 2014/08/06,257.6,258.75,256.5,257.9
 2014/08/07,259.9,261,259.9,260.5
 2014/08/08,260.2,263.5,259.8,262.85
 2014/08/11,261,262,260.1,260.55
 2014/08/12,260.75,261.1,260.4,261
 2014/08/13,262.1,262.5,260.65,261.05
 2014/08/14,261.55,262,260.75,261.65
 2014/08/15,261.95,261.95,260.9,261.4
 2014/08/18,258.25,261,257.55,258.9
 2014/08/19,258.3,258.7,257.85,258.15
 2014/08/20,258.1,258.3,257.1,257.75
 2014/08/21,257.7,258.1,254.45,254.55
 2014/08/22,253.95,255.35,253.6,255.1
 2014/08/25,254.65,255.55,254.25,254.55
 2014/08/26,254.8,257.2,254.35,257
 2014/08/27,256.85,256.85,255.5,255.95
 2014/08/28,256.05,256.7,255.15,256.3
 2014/08/29,257.2,257.25,256.05,256.75
 2014/09/01,256.15,256.85,255.65,256.15
 2014/09/02,256,256.05,253.5,253.75
 2014/09/03,252.4,252.7,251.45,252.3
 2014/09/04,251.95,253.25,251.75,252.45
 2014/09/05,252.15,254.1,251,251.4
 2014/09/09,250.05,250.5,249.4,249.65
 2014/09/10,249.35,249.9,247.75,249.55
 2014/09/11,248.05,248.95,247.25,248.2
 2014/09/12,247.35,247.9,244.9,246.3
 2014/09/15,245.55,245.9,244.1,245.75
 2014/09/16,245.8,247.1,245.4,246.5
 2014/09/17,246.25,247.75,245.7,246.9
 2014/09/18,246.8,247.35,243.85,244.35
 2014/09/19,243.75,245.2,243.15,243.75
 2014/09/22,244.4,244.4,239.45,241.35
 2014/09/23,241.25,242.75,240.75,241.85
 2014/09/24,243.6,244.1,242.45,243.65
 2014/09/25,242.7,243.45,240.25,240.7
 2014/09/26,241,245.6,240.3,244.25
 2014/09/29,242.15,243.25,241.6,243
 2014/09/30,243.5,243.85,242.7,242.9
 2014/10/08,242.05,242.6,241.35,242.4
 2014/10/09,242.45,244.4,240.25,244.05
 2014/10/10,243.95,244.55,242.9,243.1
 2014/10/13,243,246.25,242.6,245.2
 2014/10/14,244.5,245.9,244.05,245
 2014/10/15,245.3,245.55,243.2,243.3
 2014/10/16,245.3,247.65,244.9,245.7
 2014/10/17,245.25,246.5,245.15,245.9
 2014/10/20,245.7,246.25,244.5,245.95
 2014/10/21,246.5,247.5,246.2,247.15
 2014/10/22,247.6,248.2,246.9,247.15
 2014/10/23,245.85,246.85,245.8,246.2
 2014/10/24,244.85,244.9,243.25,244.1
 2014/10/27,244,244.25,243.4,243.55
 2014/10/28,243.75,243.8,242.65,242.9
 2014/10/29,243.8,244.5,243.05,243.4
 2014/10/30,241.9,242.85,238,238.45
 2014/10/31,238.55,238.7,233,234.05
 2014/11/03,228.7,231.15,228.3,230.55
 2014/11/04,230.45,230.9,229.7,230.45
 2014/11/05,230.35,230.8,224.8,225.2
 2014/11/06,224.35,226.55,224.1,225.65
 2014/11/07,225.45,226.9,223.5,226.2
 2014/11/10,226.5,234.05,226.35,231.85
 2014/11/11,230.5,231.25,227.6,227.95
 2014/11/12,228.5,232.05,228.4,231.6
 2014/11/13,230.8,231.95,229.4,230.1
 2014/11/14,230.55,231.55,227.3,228.6
 2014/11/17,227.95,237.7,227,235.9
 2014/11/18,235.6,236.75,234.85,235.9
 2014/11/19,237.15,237.4,235.85,236.65
 2014/11/20,236.55,237.95,232.65,234.2
 2014/11/21,235.5,236.8,235,236.5
 2014/11/24,237.65,239.7,236.25,238.3
 2014/11/25,238,238.85,237.2,238.45
 2014/11/26,238.3,239.05,236.25,238.25
 2014/11/27,237.9,238.3,236.45,237.75
 2014/11/28,237.45,237.7,235.15,236
 2014/12/01,235.75,236.45,227.35,229.3
 2014/12/02,233.9,242.9,233.85,240.3
 2014/12/03,238.2,240.3,238.15,239.45
 2014/12/04,239.7,242.2,239.55,240.6
 2014/12/05,240.7,242.2,239.65,240.25
 2014/12/08,240.4,241.2,237,238.1
 2014/12/09,238.4,242.05,238.15,241.95
 2014/12/10,243.75,249.7,243.55,247.95
 2014/12/11,247.6,247.9,244.75,245.3
 2014/12/12,245.4,247.1,243.8,244.75
 2014/12/15,245.8,246.25,243.3,244.85
 2014/12/16,242.65,244.3,239.6,240.6
 2014/12/17,244.75,244.85,238,240.7
 2014/12/18,240.3,242.4,239,241.7
 2014/12/19,242.4,243.4,240.7,242.5
 2014/12/22,242.05,242.55,241.8,242.15
 2014/12/23,241.35,242.05,237.35,238.55
 2014/12/24,238.35,239,237.4,238.5
 2014/12/25,238.25,238.4,237.4,238.05
 2014/12/26,238.1,240,237.7,239.5
 2014/12/29,241.65,241.85,240.4,241.6
 2014/12/30,241.25,241.65,238.8,240
 2014/12/31,239.9,244.75,239.5,241.65
 2015/01/05,240,242.5,240,242.15
 2015/01/06,240.8,245,240.35,244.45
 2015/01/07,244.4,247.3,243.8,245.25
 2015/01/08,245.2,246.2,244.3,244.5
 2015/01/09,244.9,246.15,244.55,245.15
 2015/01/12,244.9,248.65,244.2,247.75
 2015/01/13,246.15,249.95,246.05,249
 2015/01/14,249.55,250.5,246.35,247.9
 2015/01/15,248.25,250.1,246.35,246.75
 2015/01/16,252.1,253.75,251,253.65
 2015/01/19,253.6,259,253.6,257.85
 2015/01/20,258.25,258.25,256.85,257.65
 2015/01/21,260.35,263,259.15,262.2
 2015/01/22,262.55,263.15,258.15,259.05
 2015/01/23,259.45,262.75,259,261.4
 2015/01/26,261.85,262.55,259.3,261.65
 2015/01/27,260.35,260.65,258.35,259.95
 2015/01/28,259.9,261.9,259.15,260.85
 2015/01/29,261.2,261.55,258.65,259.35
 2015/01/30,256.9,257.7,252.9,255.1
 2015/02/02,255.55,260.05,254.7,259.15
 2015/02/03,258.4,259.65,256.85,259.45
 2015/02/04,257.7,258.25,254.95,256.4
 2015/02/05,256.85,258.35,255.35,257.55
 2015/02/06,256.45,256.9,255.05,256.75
 2015/02/09,256.5,256.7,249.75,251.5
 2015/02/10,251.4,252.45,250.7,252.15
 2015/02/11,251.35,251.5,250.1,250.85
 2015/02/12,250.9,250.9,247.45,247.95
 2015/02/13,248.45,249.75,247.65,249.55
 2015/02/16,249,250.85,248.9,250.4
 2015/02/17,250.45,250.8,248.95,249.15
 2015/02/25,245.85,246.65,245.7,246.4
 2015/02/26,246.2,246.85,244.25,246.55
 2015/02/27,247.45,248.2,245.8,246.8
 2015/03/02,246.75,249.85,246.65,249.4
 2015/03/03,248.65,249.15,244,247.2
 2015/03/04,247.4,248.45,245.95,246.85
 2015/03/05,246.45,247,245.15,245.8
 2015/03/06,245.65,247.05,244.6,245.15
 2015/03/09,244.7,245,238.45,240.1
 2015/03/10,240,240.45,237.3,237.7
 2015/03/11,238.9,239.6,237.4,238.45
 2015/03/12,237.65,239.05,235.25,238.65
 2015/03/13,237.45,238.15,236,237.45
 2015/03/16,237.55,238.55,236.3,238.25
 2015/03/17,236.7,237.5,235.9,236.5
 2015/03/18,235,236.9,233.2,233.95
 2015/03/19,234.05,239.75,233.8,238
 2015/03/20,236.2,238.35,236.15,237.65
 2015/03/23,237.9,241.35,237.75,240.4
 2015/03/24,240.45,242.1,240.15,241.35
 2015/03/25,241.9,242.75,240.75,241.45
 2015/03/26,243.25,244.2,242.35,244.15
 2015/03/27,244.05,244.5,243.05,243.45
 2015/03/30,243.2,243.35,240.55,240.6
 2015/03/31,239.4,240.1,238.1,238.1
 2015/04/01,239.6,239.8,238.05,238.65
 2015/04/02,240.15,243.35,239.85,243.3
 2015/04/03,242.55,242.95,240.65,242.15
 2015/04/07,243.25,244.5,243.25,244.3
 2015/04/08,244,244.6,243.1,244.25
 2015/04/09,243.65,243.9,240.2,240.95
 2015/04/10,241.5,241.65,240,240.65
 2015/04/13,242.55,244,242.45,243.2
 2015/04/14,243.3,243.55,239.65,240.6
 2015/04/15,239.95,242.1,239.8,240.55
 2015/04/16,240.35,243,240.25,242.3
 2015/04/17,242.6,242.65,240.45,241.35
 2015/04/20,241.7,243.4,241.5,243.3
 2015/04/22,241.4,242.2,240.55,241.8
 2015/04/23,240.9,240.9,237.5,237.95
 2015/04/24,238.45,240,237.85,239.55
 2015/04/27,238.15,238.75,236.25,237.35
 2015/04/28,238.55,243.6,238.2,241.85
 2015/04/29,242.3,244.6,241.95,243.55
 2015/04/30,243.15,244.35,241.9,242.5
 2015/05/04,240,240,237.1,238.95
 2015/05/05,240.1,241.05,239.45,239.95
 2015/05/06,242.1,242.35,240.8,241.45
 2015/05/07,241.65,241.9,238.7,238.75
 2015/05/08,238.3,239.9,238.3,239.55
 2015/05/11,240.6,240.95,239.15,239.75
 2015/05/12,240.3,240.75,238.15,239.2
 2015/05/13,241.35,241.4,240,241.35
 2015/05/14,243.65,245.9,243.05,245.85
 2015/05/15,246,247.2,245.25,246.15
 2015/05/18,245.2,248.9,245.1,248.05
 2015/05/19,247.85,248.35,246.15,246.7
 2015/05/20,245.25,245.6,242.65,243.3
 2015/05/21,244,244.9,243.65,244.2
 2015/05/22,242.55,244.05,242.45,243.8
 2015/05/25,242.65,243.75,242.3,243.5
 2015/05/26,243.4,244.55,241.55,241.85
 2015/05/27,239.9,241,239.75,240.65
 2015/05/28,240.2,240.85,240.1,240.6
 2015/05/29,240.55,241.1,238.95,240.4
 2015/06/01,240.95,241.6,240.2,240.25
 2015/06/02,240.55,243.55,239.95,240.5
 2015/06/03,241.05,241.75,240.7,240.9
 2015/06/04,240.7,241.15,238.4,239
 2015/06/05,238.5,238.65,237.25,238.2
 2015/06/08,236.35,238.5,235.4,237.5
 2015/06/09,237.3,238.45,237,238.4
 2015/06/10,238.9,239.55,238.1,239.45
 2015/06/11,241.05,241.05,239.7,239.95
 2015/06/12,239.6,239.8,238.6,239.3
 2015/06/15,238.65,239.65,238.45,239.55
 2015/06/16,238.7,240.85,238.65,240.55
 2015/06/17,239.85,239.95,238.3,238.65
 2015/06/18,238.7,240.8,237.85,240.3
 2015/06/19,242.85,243.45,242.1,242.55
 2015/06/23,242.75,242.75,239.6,239.85
 2015/06/24,238.5,238.85,238,238.6
 2015/06/25,237.8,238.5,237.35,238.25
 2015/06/26,237.75,238.05,237.15,237.35
 2015/06/29,237.05,240.25,236.55,239.25
 2015/06/30,239.4,239.45,237.7,238.05
 2015/07/01,237.2,238.75,236.3,237.7
 2015/07/02,236.8,237.45,235.65,235.9
 2015/07/03,236.75,237,235.6,236.7
 2015/07/06,237.05,237.5,236.2,236.35
 2015/07/07,236.05,238.1,235.7,236.9
 2015/07/08,234.5,234.8,230.05,231.7
 2015/07/09,232.8,243.95,232.75,235.4
 2015/07/10,235.9,236.5,234.2,235.2
 2015/07/13,235,236.1,234.65,235.15
 2015/07/14,233.55,234.65,233,233.3
 2015/07/15,233.8,234.6,233.3,233.5
 2015/07/16,232.5,232.7,230.65,231.5
 2015/07/17,230.6,231.7,230.5,231.3
 2015/07/20,229.55,230.05,220.15,225.65
 2015/07/21,224.3,225,222.35,223.05
 2015/07/22,222.9,224.2,219.65,220.65
 2015/07/23,219.95,222.25,219.25,221.1
 2015/07/24,221.35,221.8,217,219.3
 2015/07/27,219.1,223.7,218.1,223.7
 2015/07/28,221.45,223.25,220.75,221.75
 2015/07/29,221.45,222.4,221.25,221.85
 2015/07/30,221.3,223.1,218.15,219.05
 2015/07/31,219.25,221.35,218.1,218.15
 2015/08/03,220.15,222.75,219.85,221.6
 2015/08/04,219.9,220.85,217.7,219.3
 2015/08/05,220.05,220.45,218.55,219.15
 2015/08/06,219.7,219.8,218.15,218.7
 2015/08/07,218.6,221.4,218.6,221.2
 2015/08/10,218.9,222,218.9,221.55
 2015/08/11,221.3,227.3,221.25,226.3
 2015/08/12,228.35,235.6,227.55,235.5
 2015/08/13,234.9,236.65,233.05,234.3
 2015/08/14,233.15,233.85,231.2,232.9
 2015/08/17,233.25,233.7,230.25,232.9
 2015/08/18,233.4,233.45,232.1,232.5
 2015/08/19,231.75,233.8,230.4,233.6
 2015/08/20,233.25,237.9,233.1,237
 2015/08/21,237.4,243.6,237.35,240.85
 2015/08/24,240.55,242.55,238.9,240.05
 2015/08/25,240.55,244.15,238.2,239.55
 2015/08/26,240.35,240.35,235.95,236.9
 2015/08/27,234.75,235.4,232.65,234.85
 2015/08/28,233.7,235.95,233.1,235.35
 2015/08/31,234.8,237.3,233.85,235.65
 2015/09/01,234.25,237.2,233.5,236.85
 2015/09/02,237.55,237.9,235.25,236.7
 2015/09/07,232.35,233.4,231.85,232.85
 2015/09/08,232.55,232.7,231.5,232.4
 2015/09/09,232.8,234,232.65,233
 2015/09/10,231.95,232.1,228.7,229.9
 2015/09/11,230.2,230.8,229.2,229.7
 2015/09/14,229.2,229.75,227.65,229.35
 2015/09/15,228.85,230.25,228.55,229.4
 2015/09/16,229.55,229.65,228.8,229.4
 2015/09/17,230.85,233.2,230.6,232.05
 2015/09/18,231.55,234.7,231.15,233.4
 2015/09/21,235.65,235.8,234.65,235.8
 2015/09/22,234.85,235.05,234.25,234.55
 2015/09/23,232.8,233.7,232.35,233.7
 2015/09/24,234.1,235.8,234.1,235.6
 2015/09/25,236.15,239.45,236.1,237.3
 2015/09/28,237.05,237.3,234.8,234.85
 2015/09/29,233.15,234.6,231.85,232.4
 2015/09/30,232.8,233.25,230.8,231.1
 2015/10/08,235.5,235.85,234.75,235.05
 2015/10/09,234.5,236.6,234.05,235.2
 2015/10/12,237.05,238.75,235.85,238.45
 2015/10/13,238.2,238.55,235.65,236.65
 2015/10/14,237.15,240.8,237.15,240.55
 2015/10/15,240.7,243,240.15,241.85
 2015/10/16,240.75,243.3,240.4,241.2
 2015/10/19,242.2,242.55,239.85,240.45
 2015/10/20,241.15,241.25,239,240.2
 2015/10/21,240.1,241.8,239.8,240.45
 2015/10/22,240.8,240.9,238.65,239.7
 2015/10/23,239.15,241.3,238.75,241.2
 2015/10/26,241.45,241.75,238.15,239
 2015/10/27,239.15,240.2,238.85,239.5
 2015/10/28,239.15,241.55,238.9,241.2
 2015/10/29,241.7,243.55,238.2,238.65
 2015/10/30,238.05,238.05,235.35,235.6
 2015/11/02,234.4,234.85,233.05,234.5
 2015/11/03,234.15,234.2,233.1,233.6
 2015/11/04,232.75,232.75,229.4,230.35
 2015/11/05,229.95,230.8,228.35,228.5
 2015/11/06,228.45,229.3,228,229
 2015/11/09,228.95,229.25,224.45,225.85
 2015/11/10,226.2,226.35,224.95,226
 2015/11/11,225.9,226.5,224.45,226.2
 2015/11/12,225.9,225.95,224.9,225.4
 2015/11/13,224.9,225.6,222.75,224.5
 2015/11/16,224.35,227.95,224.25,227.8
 2015/11/17,227.1,227.15,223.35,223.8
 2015/11/18,224.05,224.9,220.9,222.55
 2015/11/19,222.05,223.95,221.55,223.8
 2015/11/20,222.95,225.65,222,225.4
 2015/11/23,225.15,226,221.95,222.55
 2015/11/24,222.6,223.35,221.4,222.75
 2015/11/25,221.75,225.35,221.75,224.6
 2015/11/26,223.4,224,222.3,223.3
 2015/11/27,223.3,223.55,222,222.7
 2015/11/30,222.15,222.2,218.8,219.05
 2015/12/01,219.55,224.3,219.3,223.95
 2015/12/02,223.2,224.15,222.2,222.75
 2015/12/03,222.4,222.45,218.45,219.9
 2015/12/04,221.7,222.4,219.95,221.85
 2015/12/07,221.75,227.85,221.4,227.45
 2015/12/08,227.15,227.2,223.95,225.2
 2015/12/09,224.3,226.6,223.8,226.2
 2015/12/10,226.65,228.6,225.1,225.6
 2015/12/11,225.5,225.85,224.05,225.8
 2015/12/14,224.6,228.3,223.95,226.8
 2015/12/15,225.85,227.65,224.7,224.75
 2015/12/16,225.2,225.85,224.1,225.25
 2015/12/17,225.55,227.3,225.05,225.85
 2015/12/18,225.95,226.25,223,224.2
 2015/12/21,224.55,227.5,223.9,227.25
 2015/12/22,226.8,229.4,226.6,228.75
 2015/12/23,228.75,229.3,227.4,227.7
 2015/12/24,227.6,228.1,227.1,227.95
 2015/12/25,228.25,228.65,227.6,228.35
 2015/12/28,228.4,228.85,227.05,227.65
 2015/12/29,227.55,228.4,226.9,228.3
 2015/12/30,228.1,228.85,227.35,228.15
 2015/12/31,227.75,227.8,225.7,226.05
 2016/01/04,226.65,228.5,226.2,228.2
 2016/01/05,228.9,230.8,228.45,230.3
 2016/01/06,230.45,231.75,229.05,231.4
 2016/01/07,233.05,237.4,231.85,236.6
 2016/01/08,236.7,238.15,235.95,236.8
 2016/01/11,236.5,238.3,235.05,237.45
 2016/01/12,236.5,236.95,233.95,234.6
 2016/01/13,232.9,233.25,232.1,232.25
 2016/01/14,232.05,234.8,231.4,234.05
 2016/01/15,233,233.8,231.25,232.6
 2016/01/18,232.85,234.7,232.8,233.5
 2016/01/19,233.6,234,232.5,233.2
 2016/01/20,232.6,234.1,232.4,233.8
 2016/01/21,235.95,237.25,235.05,236.25
 2016/01/22,235.6,235.85,234.4,235.25
 2016/01/25,235.25,236.15,234.6,235.85
 2016/01/26,236.3,239.1,236.05,238.95
 2016/01/27,238.25,240.15,237.85,239.4
 2016/01/28,239.4,240.15,238.75,238.85
 2016/01/29,239.25,239.8,237.85,238.35
 2016/02/01,238.45,240.15,237.55,239.95
 2016/02/02,240.3,241.4,239.5,240.6
 2016/02/03,240.65,241.9,240.25,241.5
 2016/02/04,241.95,244.25,240.85,244
 2016/02/05,244.65,246.3,244.45,245.95
 2016/02/15,258.2,259.55,255.65,256.2
 2016/02/16,254.45,255.35,251.6,253.2
 2016/02/17,255.1,255.9,252.45,255.15
 2016/02/18,254.75,255.8,253.9,254.95
 2016/02/19,254.6,259.15,254.45,258.1
 2016/02/22,258.9,259.7,256,256.3
 2016/02/23,254.9,257.1,254.55,256.4
 2016/02/24,256.8,259.35,256.75,258.55
 2016/02/25,260.45,264.75,259.6,261.65
 2016/02/26,261.5,262.6,259.3,262
 2016/02/29,261.8,261.8,256.45,259.55
 2016/03/01,260.25,263.8,259.25,263.25
 2016/03/02,263.55,264.05,259.3,260
 2016/03/03,260.7,262.7,259.9,262.25
 2016/03/04,263.1,266.1,261.85,265.75
 2016/03/07,265.85,268.75,263.45,265.85
 2016/03/08,267.35,268,265.4,266.9
 2016/03/09,267.75,268.1,263.2,264.25
 2016/03/10,264.4,264.55,261.3,262.1
 2016/03/11,260.45,269,260.4,265.95
 2016/03/14,265.8,266.1,262.35,262.75
 2016/03/15,263.45,264,257.3,258.05
 2016/03/16,259.2,259.8,257.6,259.7
 2016/03/17,259.1,264.55,257.9,263.55
 2016/03/18,264.05,265.05,262.85,263.6
 2016/03/21,261.2,262.7,259.45,259.95
 2016/03/22,260.05,261.7,259.5,261.65
 2016/03/23,262.4,263.2,258.45,258.6
 2016/03/24,256.25,257.1,255.3,255.35
 2016/03/25,256.65,257.05,255.95,256.4
 2016/03/28,256.25,256.9,254.35,255.3
 2016/03/29,255.9,256.8,255.55,256.05
 2016/03/30,256.5,260.05,256.15,258.9
 2016/03/31,258.2,258.4,255.65,256.45
 2016/04/01,257.9,257.9,256.4,257.5
 2016/04/05,255.35,256.65,254.8,256.35
 2016/04/06,257.6,258,256.5,257.05
 2016/04/07,255.7,257.35,255.35,256.75
 2016/04/08,258.6,259.65,258,258.35
 2016/04/11,257.95,261.4,257.75,260.9
 2016/04/12,261.2,262.35,260.75,262.15
 2016/04/13,262.3,262.95,260.35,260.75
 2016/04/14,260.85,261.35,257.35,258.15
 2016/04/15,258.1,258.55,256.4,257.55
 2016/04/18,257.75,259.1,256.55,257.75
 2016/04/19,258.95,260.4,256.95,260.25
 2016/04/20,261.45,262.85,260.05,261
 2016/04/21,261.45,264.6,260.45,264.45
 2016/04/22,266.6,266.95,260.4,261.05
 2016/04/25,261.35,261.75,257.3,259.15
 2016/04/26,259.35,260.55,258.7,258.7
 2016/04/27,259.1,262.15,258.9,262.05
 2016/04/28,262.5,263.8,260.1,263.25
 2016/04/29,263.5,268.9,262.7,267.55
 2016/05/03,269.1,272.9,269.1,272.85
 2016/05/04,272.1,272.55,269.35,269.75
 2016/05/05,270.65,271.75,268.45,269.45
 2016/05/06,270.85,271.15,267,269.95
 2016/05/09,271.65,272.55,269.05,269.45
 2016/05/10,268,268.25,265.7,267.1
 2016/05/11,266.45,269,264.9,268.5
 2016/05/12,268.95,269.4,267.25,267.7
 2016/05/13,268.15,270.2,266.9,269.6
 2016/05/16,268,271.95,267.4,271.6
 2016/05/17,272.6,272.65,268.85,269.75
 2016/05/18,269.5,271.2,269.15,269.85
 2016/05/19,269.6,270.85,265.65,265.7
 2016/05/20,264.25,266.6,263.9,265.85
 2016/05/23,266.7,267.2,264.55,265.2
 2016/05/24,264.3,265.55,263.35,263.45
 2016/05/25,262.55,263.45,259.4,259.55
 2016/05/26,259.25,261.6,258.25,260.55
 2016/05/27,260.7,261.4,257.05,259.4
 2016/05/30,258.45,258.85,255.1,256.35
 2016/05/31,256.5,258.95,256.45,258.9
 2016/06/01,258.3,260.4,258.1,259.3
 2016/06/02,259.7,259.75,257.25,259.6
 2016/06/03,259.1,259.1,257.9,258.65
 2016/06/06,263.6,264.55,262.9,264.35
 2016/06/07,264.75,265.45,263.9,264.8
 2016/06/08,263.95,266.65,263.8,266.55
 2016/06/13,271.85,274.4,271.35,274.1
 2016/06/14,274.8,275.15,272.75,273.35
 2016/06/15,274.75,275.75,273.8,275.15
 2016/06/16,274.1,280.4,273.75,279.95
 2016/06/17,279.7,281.15,272.15,273.2
 2016/06/20,274.5,276.35,272.8,273.75
 2016/06/21,273.65,274.95,272.55,273.2
 2016/06/22,270.9,271.55,268.8,269.6
 2016/06/23,269.3,271.15,269,269.75
 2016/06/24,268.65,283.35,268.6,282.25
 2016/06/27,283.9,285.15,280.4,284.65
 2016/06/28,285.35,285.5,282.85,283.35
 2016/06/29,282.7,284.7,282.25,284.3
 2016/06/30,284.35,285.5,282.75,283
 2016/07/01,283.6,288.6,283.15,287.15
 2016/07/04,287.65,293.7,287.5,292.15
 2016/07/05,292.15,292.85,288.65,290.8
 2016/07/06,291.6,297.7,289.8,296.7
 2016/07/07,297.1,297.35,295.1,295.7
 2016/07/08,294.5,294.55,291.75,292.8
 2016/07/11,291.55,297,291.4,295
 2016/07/12,293.1,294.75,292.6,293.6
 2016/07/13,292,292.35,287.7,290.8
 2016/07/14,290.65,291.85,288.55,288.85
 2016/07/15,286.15,289.2,285.95,288.95
 2016/07/18,288.1,289.2,286.8,288.15
 2016/07/19,288.75,290.25,287.65,288.7
 2016/07/20,288.8,289.7,287.55,287.55
 2016/07/21,284.6,285.6,283.6,284.65
 2016/07/22,284.9,288,284.2,286.3
 2016/07/25,286,286.5,284.1,284.85
 2016/07/26,284.6,286.25,283.7,285.2
 2016/07/27,285.65,285.95,284.35,285.05
 2016/07/28,285.85,289.75,285.8,289.3
 2016/07/29,289.6,289.65,287.2,287.5
 2016/08/01,289.95,290.65,288,289.7
 2016/08/02,290,291.4,289.7,291.2
 2016/08/03,293.05,293.25,292.15,292.65
 2016/08/04,292.25,292.35,289.7,289.8
 2016/08/05,292.45,293.55,291.9,293.35
 2016/08/08,289.75,290.1,286.95,287.1
 2016/08/09,287.85,288.25,286.75,286.85
 2016/08/10,287.1,291.45,287.1,290.95
 2016/08/11,291.1,291.15,288,288.55
 2016/08/12,289.65,290.65,287.05,288.3
 2016/08/15,290.4,290.6,283.85,287.75
 2016/08/16,287.25,289.65,287.1,289.05
 2016/08/17,288.65,289.4,287.35,287.65
 2016/08/18,288.2,290.3,286.35,289.35
 2016/08/19,289.35,289.95,288.5,289.35
 2016/08/22,287.5,289.45,286.35,286.8
 2016/08/23,287.4,287.7,286.9,287.35
 2016/08/24,288.2,288.2,287.1,287.5
 2016/08/25,286.15,286.2,284.45,284.85
 2016/08/26,283.65,285.25,283.6,284.9
 2016/08/29,286.35,288.8,283.3,284
 2016/08/30,284.6,285.75,284.45,284.75
 2016/08/31,284.2,284.85,282.9,283.5
 2016/09/01,282.55,283.7,282.45,282.85
 2016/09/02,282.35,284.15,282.25,283.25
 2016/09/05,285.85,287.1,284.95,286.75
 2016/09/06,286.6,287.1,286.5,287.05
 2016/09/07,288.2,291.8,288.15,291
 2016/09/08,291,291,289.35,290.6
 2016/09/09,290.15,290.25,288.6,288.8
 2016/09/12,288.75,289.35,286.75,287.7
 2016/09/13,286.8,288.25,286.05,287.6
 2016/09/14,286.85,287.25,285,286.15
 2016/09/19,283.9,285,283.3,284.7
 2016/09/20,284.55,285.05,284.4,285
 2016/09/21,284.75,285.9,283.9,285.5
 2016/09/22,287.1,288.4,285.35,287.85
 2016/09/23,288.5,289.85,288,288.3
 2016/09/26,288.85,289.05,287.7,288.3
 2016/09/27,288.8,289.5,287.8,287.9
 2016/09/28,287.45,287.45,285.5,285.65
 2016/09/29,285.7,286.15,284.6,284.95
 2016/09/30,284.4,285.75,284.1,285.5
 2016/10/10,274.7,274.7,272.55,274.2
 2016/10/11,273.75,274.35,273.3,274.15
 2016/10/12,273.35,274.3,273.25,273.55
 2016/10/13,273.25,274.95,272.75,274.45
 2016/10/14,274.1,275.1,273.55,273.7
 2016/10/17,273.2,274.5,272.9,274
 2016/10/18,274.05,275.7,273.8,275.55
 2016/10/19,275.2,276.1,274.6,275.55
 2016/10/20,277.2,278.05,276.9,277.6
 2016/10/21,277.5,278.25,276.1,276.7
 2016/10/24,277.45,277.85,276.9,277.5
 2016/10/25,278.85,279.15,277.05,278.4
 2016/10/26,278.6,280.4,278.4,279.75
 2016/10/27,279.15,279.65,278,278.9
 2016/10/28,279.55,279.6,278.65,279.25
 2016/10/31,279.3,282.1,278.55,280.5
 2016/11/01,280.1,281.85,279.85,281.4
 2016/11/02,282.8,284.3,282.4,284.15
 2016/11/03,284.45,286.15,284.1,285.05
 2016/11/04,283.65,285.75,283.45,283.55
 2016/11/07,285.55,285.85,282.9,283.1
 2016/11/08,282.75,283.15,281.1,282.75
 2016/11/09,281.85,291.6,280.35,290.35
 2016/11/10,287.3,288.3,282,285
 2016/11/11,284.3,284.6,278.1,280.65
 2016/11/14,279.45,280.85,269.05,272
 2016/11/15,272.95,275.4,271.9,275.05
 2016/11/16,274.7,276.8,274.15,276.35
 2016/11/17,275.9,276.7,275.5,275.75
 2016/11/18,276.2,276.45,272.45,272.85
 2016/11/21,273.1,275.05,272.4,275
 2016/11/22,275.05,276.45,274.05,275.8
 2016/11/23,275.9,276.45,274.6,276.2
 2016/11/24,275.2,275.4,272.4,273.35
 2016/11/25,272.85,273.3,268.2,271.1
 2016/11/28,271.55,274.95,270.95,273.6
 2016/11/29,273.3,274.35,272.2,272.55
 2016/11/30,271.1,272.15,270.35,270.95
 2016/12/01,270.1,270.75,266.55,269.15
 2016/12/02,267.5,269.25,266.5,268.75
 2016/12/05,268.3,270.75,267,268.7
 2016/12/06,268.35,269.45,267.05,268.1
 2016/12/07,268.4,268.6,267.4,267.65
 2016/12/08,268.5,270.9,268.4,269.7
 2016/12/09,269.45,270.15,268.25,269.45
 2016/12/12,268.4,269.3,267.2,267.9
 2016/12/13,267.75,269.25,267.2,268.2
 2016/12/14,268.2,269.9,267.65,269.65
 2016/12/15,269.4,270.6,265.05,266.95
 2016/12/16,265.25,265.9,264.75,265.4
 2016/12/19,265.95,267,265.95,266.65
 2016/12/20,266.45,266.9,264.9,265.3
 2016/12/21,263.45,265.45,262.15,264.9
 2016/12/22,264.45,264.9,262.85,263.35
 2016/12/23,262.9,264.15,262.55,263.6
 2016/12/26,263.75,265.15,263.4,264.8
 2016/12/27,265,266.15,264.45,266.15
 2016/12/28,266.6,267.9,265.9,267.35
 2016/12/29,266.6,269.15,266.05,268.8
 2016/12/30,268.3,272.2,268.05,271.4
 2017/01/03,269.8,271.2,269.5,269.8
 2017/01/04,269,271.3,268.8,270.45
 2017/01/05,270.45,270.65,268.2,269.35
