已退回,订单 ID,地区
是,CA-2012-SA20830140-41210,美国中部
是,IN-2012-PB19210127-41259,东亚
是,CA-2012-SC20095140-41174,美国中部
是,IN-2015-JH158207-42140,大洋洲
是,IN-2014-LC168857-41747,大洋洲
是,ID-2013-AB1001527-41439,东亚
是,ES-2015-RA1994545-42218,西欧
是,CA-2014-TB21280140-41724,美国中部
是,ES-2014-JF15295120-41924,南欧
是,IN-2014-NM1844527-41800,东亚
是,IN-2015-GB145307-42260,大洋洲
是,ES-2012-SC208458-41070,西欧
是,TU-2013-SF10200134-41417,西亚
是,ID-2015-RD1993092-42140,大洋洲
是,CA-2014-TC21295140-41800,美国南部
是,SF-2015-MV8190117-42362,南部非洲
是,IN-2014-EM1382566-41850,东亚
是,ES-2015-CC1210045-42182,西欧
是,ES-2015-MM1792045-42199,西欧
是,IN-2015-DB1306027-42353,东亚
是,IN-2013-JC157757-41310,大洋洲
是,CA-2015-RB19705140-42262,美国东部
是,ES-2015-BB1154548-42336,西欧
是,AL-2012-SC102302-40970,南欧
是,UP-2014-MC7275137-41997,东欧
是,IN-2013-EJ13720113-41608,东南亚
是,CA-2012-AJ10780140-41212,美国东部
是,CA-2014-EM14140140-41822,美国西部
是,ES-2015-RD19585120-42007,南欧
是,US-2014-SC20230140-41873,美国西部
是,IN-2013-JR1570058-41441,南亚
是,IN-2013-DL129257-41418,大洋洲
是,ES-2014-EG1390045-41644,西欧
是,ES-2013-DB1297045-41458,西欧
是,CA-2014-CL12565140-41768,美国东部
是,ES-2014-EB13930139-41962,北欧
是,IN-2015-ML1739559-42369,东南亚
是,SA-2015-MC7575110-42326,西亚
是,CA-2014-SS1041023-41995,加拿大东部
是,ID-2015-ST205307-42336,大洋洲
是,MX-2012-AH1003082-41251,中美洲
是,ID-2015-MM1726078-42181,东南亚
是,IT-2015-DM1301564-42167,南欧
是,IN-2015-JW1595527-42190,东亚
是,CA-2013-SG20080140-41578,美国西部
是,IN-2014-PF1912027-41916,东亚
是,US-2015-AG1052582-42355,中美洲
是,IN-2015-PB191057-42281,大洋洲
是,MX-2015-BS1136518-42199,南美
是,IT-2012-MP1817545-41040,西欧
是,IN-2014-BT1168027-41815,东亚
是,IN-2013-MH180257-41443,大洋洲
是,ID-2015-LW172157-42293,大洋洲
是,MX-2014-KA1652539-41922,中美洲
是,ID-2015-CS123557-42328,大洋洲
是,IN-2015-KM163757-42342,大洋洲
是,MX-2013-PK1891082-41532,中美洲
是,ES-2015-BT1139564-42088,南欧
是,MX-2013-CC1243082-41634,中美洲
是,IT-2015-AR1082545-42290,西欧
是,ID-2014-CS11860102-41858,东南亚
是,IN-2014-AB1060058-41858,南亚
是,IN-2012-CG1204027-41252,东亚
是,AG-2013-PO88653-41634,北非
是,EG-2015-CM211538-42144,北非
是,ES-2015-BN1151545-42304,西欧
是,IN-2014-CL1189066-41999,东亚
是,ID-2015-AA1064559-42332,东南亚
是,ES-2014-JK1609064-41800,南欧
是,IN-2015-CD1192059-42326,东南亚
是,IN-2012-ES1408027-40941,东亚
是,MX-2013-DO1364512-41461,加勒比海
是,CG-2013-SC1030533-41538,中非
是,SI-2015-SM10005115-42252,南欧
是,IN-2012-GT1471058-41158,南亚
是,ID-2013-SC2080059-41380,东南亚
是,MX-2013-HF1499518-41423,南美
是,ES-2012-AG1049545-41002,西欧
是,IN-2015-SD2048527-42259,东亚
是,CA-2012-PC18745140-41273,美国东部
是,US-2015-DH13075140-42092,美国西部
是,ES-2015-LR1691545-42237,西欧
是,SF-2015-CD1920117-42055,南部非洲
是,ES-2012-TT2146045-41014,西欧
是,IN-2015-PS1904558-42272,南亚
是,CA-2015-KL16555140-42313,美国南部
是,US-2013-PO1918082-41504,中美洲
是,ID-2015-JG15310130-42133,东南亚
是,ES-2014-MG17680120-41867,南欧
是,ES-2015-RA1994548-42249,西欧
是,IT-2015-KD1634545-42238,西欧
是,CA-2012-DP13165140-41244,美国东部
是,CA-2014-EH13765140-41997,美国西部
是,ID-2015-TB214007-42322,大洋洲
是,MX-2013-ES1408018-41619,南美
是,IN-2012-TB2152059-41207,东南亚
是,ES-2012-MR1754564-41157,南欧
是,IN-2015-GW1460558-42173,南亚
是,CA-2013-JK15205140-41544,美国南部
是,IN-2015-GM1445558-42273,南亚
是,CA-2015-MG18145140-42285,美国西部
是,CA-2013-EM13960140-41548,美国西部
是,ES-2014-RM1937545-41643,西欧
是,IN-2012-GG1465027-40992,东亚
是,IN-2014-TB2140066-41873,东亚
是,MX-2015-MP1796518-42189,南美
是,US-2012-LT17110140-41060,美国南部
是,ES-2013-BF1117048-41527,西欧
是,ID-2013-CC126857-41572,大洋洲
是,ES-2013-AJ1094548-41444,西欧
是,US-2015-GZ14545140-42212,美国西部
是,ES-2015-BM1165045-42176,西欧
是,ID-2014-RD197207-41776,大洋洲
是,MX-2015-DB1336018-42280,南美
是,US-2012-CV12295140-40995,美国中部
是,IT-2013-BF1102045-41418,西欧
是,IN-2015-LT1676511-42286,南亚
是,IN-2015-VB217451-42349,南亚
是,IT-2014-JG15115104-41952,南欧
是,MX-2012-JP1552018-41174,南美
是,MX-2012-RD1993051-41223,中美洲
是,IN-2015-AT1043559-42243,东南亚
是,IN-2012-SC2069559-41248,东南亚
是,ES-2012-ER13855120-41159,南欧
是,ES-2012-TB2162545-41262,西欧
是,ES-2013-CM124458-41375,西欧
是,US-2012-BF11170140-41266,美国西部
是,ID-2014-CJ1187592-41831,大洋洲
是,RS-2015-GG4650108-42102,东欧
是,ES-2015-KA1652545-42353,西欧
是,MX-2014-CW1190593-41788,中美洲
是,MX-2015-SV2078582-42347,中美洲
是,ES-2012-DJ1351048-40923,西欧
是,CA-2014-HF14995140-41761,美国南部
是,CA-2014-CL12565140-41788,美国西部
是,CA-2012-LR16915140-41128,美国西部
是,CA-2015-KH16510140-42347,美国西部
是,MX-2015-KC1667518-42070,南美
是,CA-2014-ON18715140-41959,美国南部
是,IN-2013-MA1799559-41314,东南亚
是,IS-2014-RA928563-41916,西亚
是,IN-2012-TB2162588-41177,东南亚
是,IN-2012-MC1784559-41116,东南亚
是,ID-2014-KH16690144-41991,东南亚
是,ES-2015-AT1073545-42367,西欧
是,ES-2014-PO1885048-41898,西欧
是,CA-2015-EB13750140-42111,美国南部
是,EG-2015-AC66038-42250,北非
是,IN-2013-TH2111558-41488,南亚
是,ES-2012-GH14485139-41054,北欧
是,ES-2014-LL1684048-41986,西欧
是,CA-2014-NS18640140-41985,美国东部
是,ID-2012-MD1786059-40965,东南亚
是,ES-2012-TB2140048-40968,西欧
是,RS-2015-TB11520108-42126,东欧
是,ID-2015-BG1169588-42012,东南亚
是,CA-2014-ES14020140-41802,美国东部
是,ES-2015-HG14965120-42080,南欧
是,MX-2012-SW2075593-41250,中美洲
是,CA-2012-BP11095140-41261,美国西部
是,IN-2014-BG110357-41735,大洋洲
是,ES-2015-EB1417064-42012,南欧
是,MX-2015-EH1418531-42166,加勒比海
是,IN-2015-DS1303058-42173,南亚
是,CA-2015-AG10900140-42126,美国南部
是,ES-2013-DE1325545-41278,西欧
是,SA-2013-JD6150110-41600,西亚
是,ID-2015-HA1490592-42287,大洋洲
是,CA-2013-IM15070140-41459,美国中部
是,US-2015-TZ2144518-42259,南美
是,ES-2015-DK1309045-42158,西欧
是,MX-2013-PT1909082-41579,中美洲
是,ES-2015-EB141108-42267,西欧
是,SF-2014-JD6060117-41648,南部非洲
是,ES-2015-AR1051045-42234,西欧
是,IN-2013-CL1270027-41555,东亚
是,ES-2015-AH1012045-42057,西欧
是,IT-2013-ZD2192548-41503,西欧
是,IN-2014-DJ1342058-41646,南亚
是,ES-2014-LC1705048-41718,西欧
是,MX-2014-AJ1096031-41801,加勒比海
是,CA-2014-CP12340140-41808,美国东部
是,IN-2013-JK1609027-41615,东亚
是,AJ-2013-SG108909-41580,西亚
是,MX-2015-DV1304593-42215,中美洲
是,ES-2013-TP2156545-41598,西欧
是,US-2015-HG1484551-42171,中美洲
是,IN-2014-AM103607-41864,大洋洲
是,CA-2015-DO13645140-42263,美国西部
是,ES-2014-JP1552045-41871,西欧
是,MX-2013-JR1621037-41627,南美
是,MX-2013-RL1961582-41572,中美洲
是,ES-2014-EP1391548-42004,西欧
是,IN-2013-CD1228058-41311,南亚
是,MX-2013-EC1405018-41599,南美
是,MX-2013-PO1885051-41338,中美洲
是,CA-2012-FP14320140-41251,美国东部
是,MX-2012-YS2188093-41060,中美洲
是,IN-2013-CC1261027-41286,东亚
是,IN-2014-DB1321027-41899,东亚
是,MX-2014-JR1570036-41775,加勒比海
是,CA-2013-VD21670140-41583,美国南部
是,CA-2014-BM11785140-41835,美国中部
是,ES-2014-JP16135139-41899,北欧
是,US-2012-KB1631598-41064,中美洲
是,IN-2012-AM10705130-41151,东南亚
是,MX-2015-SC2038093-42151,中美洲
是,GH-2013-MH729049-41615,西非
是,IN-2013-NC1834058-41385,南亚
是,CA-2013-EB14110140-41377,美国西部
是,IN-2015-JF1549078-42334,东南亚
是,ID-2015-HM148607-42243,大洋洲
是,CA-2014-NS18505140-41968,美国中部
是,ID-2013-AO1081059-41556,东南亚
是,CA-2015-VW21775140-42326,美国东部
是,MO-2013-NK849086-41366,北非
是,IN-2014-KL1655592-41857,大洋洲
是,CA-2014-SN20560140-41817,美国中部
是,MX-2014-SJ2012539-41908,中美洲
是,MX-2015-DP1316593-42293,中美洲
是,ES-2013-MN1793548-41466,西欧
是,SA-2014-SJ10125110-41944,西亚
是,IT-2015-ME18010124-42235,北欧
是,CA-2015-AD10180140-42340,美国东部
是,ID-2014-TB2125059-41973,东南亚
是,IN-2013-PS187607-41402,大洋洲
是,CA-2012-MC17425140-41058,美国中部
是,US-2014-DA134505-41926,南美
是,ID-2015-EN137807-42312,大洋洲
是,MX-2015-CB1241598-42333,中美洲
是,HU-2015-JP552057-42249,东欧
是,CA-2012-KH16630140-41213,美国南部
是,CA-2012-BS11755140-41046,美国东部
是,US-2015-SJ2021554-42255,加勒比海
是,MX-2012-KT1646518-41017,南美
是,MX-2015-AS1028518-42351,南美
是,MX-2015-SC2068082-42231,中美洲
是,ES-2014-MW1822048-41998,西欧
是,MX-2013-MF1766551-41402,中美洲
是,CA-2014-JM15535140-41998,美国东部
是,CA-2012-CC247523-41031,加拿大东部
是,CA-2012-NC18535140-41112,美国西部
是,IN-2013-MM172607-41395,大洋洲
是,IN-2013-PR1888027-41430,东亚
是,NI-2014-RA994595-41979,西非
是,US-2012-RB19435140-41237,美国西部
是,ES-2014-LP17095139-41772,北欧
是,MX-2014-FA1423055-41976,中美洲
是,IN-2014-SH19975130-41975,东南亚
是,CA-2014-GK14620140-41753,美国西部
是,US-2012-DK1289598-41166,中美洲
是,ES-2014-AB10165139-41888,北欧
是,US-2014-SP20860140-41968,美国西部
是,IT-2012-GD1459091-40988,西欧
是,IN-2014-NB1865527-41858,东亚
是,PL-2012-JD5790103-41249,东欧
是,KE-2015-JH598569-42317,东非
是,MX-2014-DC1328518-41751,南美
是,ES-2014-HG1502548-41783,西欧
是,IV-2014-AM70529-41678,西非
是,RO-2014-ND8370107-41839,东欧
是,EG-2015-AY55538-42121,北非
是,MO-2014-KH669086-41830,北非
是,IN-2014-SR2074027-41767,东亚
是,IN-2013-MF176657-41300,大洋洲
是,ES-2013-HM1498064-41289,南欧
是,MX-2015-DL1331582-42335,中美洲
是,US-2013-MW1822036-41387,加勒比海
是,US-2014-BG11695140-42001,美国中部
是,MX-2014-SW2075582-41811,中美洲
是,MO-2014-MO795086-41706,北非
是,MX-2015-PO1885082-42279,中美洲
是,US-2014-DR12880140-41723,美国西部
是,CA-2012-AG10525140-41153,美国中部
是,IT-2013-KH1669045-41490,西欧
是,US-2012-JP155205-41153,南美
是,CG-2015-AM70533-42233,中非
是,CA-2015-AJ10945140-42248,美国中部
是,MX-2013-SO2033526-41400,南美
是,IN-2012-TS2150559-40990,东南亚
是,CA-2015-MV17485140-42333,美国西部
是,IN-2015-SC2038027-42306,东亚
是,IT-2012-JC1610564-41053,南欧
是,CA-2015-LE16810140-42348,美国西部
是,US-2013-BB1099036-41379,加勒比海
是,TU-2013-AH195134-41319,西亚
是,MX-2014-TS2120518-41791,南美
是,IR-2012-FH436560-41114,南亚
是,MX-2014-SH2039582-41895,中美洲
是,US-2014-GT14710140-41980,美国西部
是,IR-2014-BN151560-41880,南亚
是,ES-2012-SH2039545-40914,西欧
是,SA-2013-SC10260110-41451,西亚
是,CA-2014-BD11605140-41742,美国南部
是,IN-2012-VD2167059-41269,东南亚
是,ES-2015-MY17380120-42316,南欧
是,CA-2015-LC16870140-42091,美国南部
是,IN-2012-TR2132527-41188,东亚
是,IN-2014-JC1538558-41815,南亚
是,MX-2012-NG1843018-41201,南美
是,EG-2015-DM301538-42367,北非
是,BU-2014-CS186019-41993,东欧
是,ID-2014-CT11995118-41810,东亚
是,IN-2012-EH139907-41140,大洋洲
是,CA-2012-RD19585140-41000,美国南部
是,CA-2015-CW11905140-42138,美国东部
是,MX-2014-NC1862593-41955,中美洲
是,MX-2013-RB1936082-41552,中美洲
是,IN-2012-AS1028527-41034,东亚
是,IN-2014-AO108107-41721,大洋洲
是,MX-2015-HG1484536-42070,加勒比海
是,ID-2015-JE1561097-42193,南亚
是,ES-2014-CY1274564-41726,南欧
是,IR-2014-SM1095060-41746,南亚
是,US-2012-PB1915055-41157,中美洲
是,ES-2014-JB1600048-41856,西欧
是,ES-2015-JC1577548-42328,西欧
是,IT-2014-LP1708091-41907,西欧
是,MX-2012-ME1732018-41164,南美
是,CA-2014-TS21655140-41999,美国南部
是,ES-2015-SV20935139-42369,北欧
是,MX-2015-CJ12010141-42298,南美
是,CA-2012-SH20395140-41214,美国西部
是,IN-2013-GM1445527-41622,东亚
是,CA-2013-MS17530140-41579,美国南部
是,US-2013-HD1478598-41583,中美洲
是,US-2015-CB1202582-42305,中美洲
是,CA-2015-BH11710140-42346,美国南部
是,MX-2012-MO1750016-41222,南美
是,ES-2012-MG17890139-41257,北欧
是,CA-2013-PO19195140-41598,美国东部
是,ES-2015-KW1643545-42032,西欧
是,CA-2013-SS20515140-41479,美国南部
是,MX-2012-RL1961539-40965,中美洲
是,MX-2014-SZ2003531-41822,加勒比海
是,ID-2013-BT115307-41508,大洋洲
是,MX-2012-TG2131018-41132,南美
是,CA-2012-TT21070140-41159,美国南部
是,CA-2015-TS21505140-42316,美国西部
是,ES-2013-AW1084064-41519,南欧
是,CA-2015-DV13045140-42350,美国南部
是,ES-2015-BP11185139-42175,北欧
是,US-2015-EB13930140-42208,美国中部
是,ES-2014-RS1942048-41831,西欧
是,CG-2012-MM828033-40983,中非
是,MX-2013-JD1589536-41523,加勒比海
是,IN-2014-DB1291027-41870,东亚
是,ES-2014-DV1346564-41961,南欧
是,MX-2015-JK1564055-42174,中美洲
是,CA-2015-LW17215140-42106,美国西部
是,MX-2012-PM1894031-41208,加勒比海
是,BU-2012-EH394519-41265,东欧
是,MX-2012-VM2183551-41185,中美洲
是,CA-2012-AZ10750140-40992,美国东部
是,IT-2015-KB1631564-42301,南欧
是,IT-2015-EK13795139-42277,北欧
是,ID-2015-AS1009058-42316,南亚
是,MX-2015-MC1742593-42304,中美洲
是,MX-2014-DW1358531-41779,加勒比海
是,ES-2015-AB1016545-42356,西欧
是,MX-2015-DG1330093-42319,中美洲
是,MX-2013-SW2027536-41587,加勒比海
是,MX-2015-SP2065082-42257,中美洲
是,IN-2014-CC125507-41963,大洋洲
是,ES-2015-CW11905139-42288,北欧
是,ZA-2015-SW10350146-42061,东非
是,IN-2015-PR1888027-42125,东亚
是,ES-2014-DB1327045-41689,西欧
是,ES-2012-PM1894045-41145,西欧
是,CA-2013-AG10495140-41571,美国中部
是,ES-2012-CD1198048-41151,西欧
是,ES-2015-SF20200139-42229,北欧
是,MX-2012-BD1150093-41041,中美洲
是,ES-2015-BE11410120-42225,南欧
是,BN-2012-RW963015-41216,西非
是,US-2014-HP148155-41906,南美
是,ES-2015-BF11170139-42174,北欧
是,IN-2015-DB129707-42152,大洋洲
是,CA-2012-EH13765140-41199,美国东部
是,IN-2012-BB115457-41194,大洋洲
是,IN-2012-SG206057-40978,大洋洲
是,IN-2015-RH1951011-42040,南亚
是,ZA-2014-JW6075146-41739,东非
是,ES-2012-JA15970139-41080,北欧
是,IN-2012-JR1567027-41031,东亚
是,ES-2013-JE1547545-41450,西欧
是,IT-2014-LS1720064-41954,南欧
是,IN-2014-CA1226527-41794,东亚
是,UP-2014-AA645137-41807,东欧
是,NI-2014-MH745595-41696,西非
是,ID-2015-EJ1415592-42299,大洋洲
是,ID-2014-KD1649559-41807,东南亚
是,ES-2014-DK1298548-41711,西欧
是,BU-2014-MH745519-41670,东欧
是,ID-2015-NR18550102-42078,东南亚
是,IN-2012-JH1591027-41262,东亚
是,IN-2012-JL151307-40988,大洋洲
是,IT-2015-AG1049545-42229,西欧
是,CA-2014-JF15565140-41686,美国东部
是,IN-2014-SH2063527-41858,东亚
是,IN-2015-LD1700558-42285,南亚
是,LO-2012-JL5850114-41121,东欧
是,BO-2014-KH636013-41859,东欧
是,US-2013-EM1382555-41579,中美洲
是,IT-2015-MB1808591-42145,西欧
是,SF-2014-EL3735117-41875,南部非洲
是,TU-2014-JF5565134-41818,西亚
是,MX-2014-BM1114055-41961,中美洲
是,TU-2015-SW10275134-42311,西亚
是,ES-2014-SS208758-41683,西欧
是,US-2014-BW1120018-41979,南美
是,IN-2013-TD20995130-41609,东南亚
是,ES-2015-KB1660096-42048,北欧
是,IN-2015-Dl1360058-42364,南亚
是,ES-2014-MB18085139-41956,北欧
是,IT-2015-AR10345139-42116,北欧
是,IN-2013-JG1531027-41602,东亚
是,ES-2014-MC1810045-41982,西欧
是,CA-2015-HG15025140-42363,美国东部
是,MO-2015-AB25586-42117,北非
是,US-2012-CS1246036-41247,加勒比海
是,ES-2014-JD1606045-41699,西欧
是,MX-2013-EM1381018-41552,南美
是,MX-2015-MY1829582-42321,中美洲
是,CA-2015-KH16330140-42329,美国东部
是,ES-2014-MG18205139-41867,北欧
是,CA-2015-DO13645140-42343,美国东部
是,IN-2014-ML177557-41922,大洋洲
是,SA-2015-AR570110-42299,西亚
是,US-2015-LH16900140-42348,美国中部
是,CA-2015-JE15745140-42111,美国西部
是,CA-2013-MV17485140-41450,美国中部
是,IT-2012-KH16690104-41037,南欧
是,IN-2015-SL2015558-42222,南亚
是,MX-2012-KM1672018-41242,南美
是,ID-2014-DB132107-41934,大洋洲
是,IN-2012-CM1223527-41248,东亚
是,IN-2014-BD116207-41650,大洋洲
是,CA-2015-OT18730140-42304,美国南部
是,AO-2013-JE57454-41544,中非
是,EG-2014-SC1009538-41847,北非
是,ID-2013-GZ144707-41467,大洋洲
是,ES-2015-MJ17740139-42073,北欧
是,IR-2014-MM805560-41990,南亚
是,IT-2014-TP2141545-41858,西欧
是,ID-2013-TG21640102-41508,东南亚
是,IN-2014-LS172307-41954,大洋洲
是,IN-2012-GM1444058-41200,南亚
是,TU-2012-AJ960134-40990,西亚
是,CA-2014-PF19225140-41817,美国南部
是,IN-2014-TB2162558-41724,南亚
是,MX-2012-ND1837082-41223,中美洲
是,ID-2015-MG1814592-42132,大洋洲
是,CA-2014-CA12265140-41677,美国南部
是,SF-2012-MH7440117-41065,南部非洲
是,MX-2012-AB1015093-41101,中美洲
是,IZ-2015-EM396061-42110,西亚
是,IN-2015-AW1084058-42083,南亚
是,ES-2015-PS1897045-42179,西欧
是,ES-2013-WB2185064-41587,南欧
是,CA-2015-NC18535140-42096,美国西部
是,MX-2014-LS1697518-41666,南美
是,IN-2012-SB2018559-41157,东南亚
是,ML-2014-BD177079-41893,西非
是,MX-2015-CM1244582-42354,中美洲
是,MX-2012-AW1084082-41192,中美洲
是,MX-2015-CL1270093-42180,中美洲
是,CA-2015-CC12475140-42278,美国东部
是,MX-2014-AH1069093-41990,中美洲
是,AO-2013-SF102004-41628,中非
是,MX-2014-SZ2003518-41703,南美
是,EG-2015-RA994538-42342,北非
是,TU-2015-AG495134-42130,西亚
是,IN-2012-PR1888058-41013,南亚
是,ES-2015-CS1235548-42010,西欧
是,IN-2015-MH1811558-42185,南亚
是,IN-2015-JP1546058-42258,南亚
是,IR-2015-CA196560-42201,南亚
是,MX-2013-AF1087026-41536,南美
是,US-2012-JF15490140-41269,美国西部
是,IN-2015-PS18760102-42263,东南亚
是,ES-2014-KT1646548-41678,西欧
是,ES-2014-MC1760548-41900,西欧
是,MX-2014-BE1145531-41650,加勒比海
是,CA-2015-BP11095140-42352,美国东部
是,CG-2014-ML775533-41740,中非
是,ID-2014-CV1280527-41773,东亚
是,SA-2013-RF9840110-41277,西亚
是,SF-2012-AG675117-40976,南部非洲
是,US-2015-CR12820140-42284,美国东部
是,ES-2013-MB1808545-41629,西欧
是,IN-2015-SC20260130-42032,东南亚
是,IN-2012-TS211607-41179,大洋洲
是,IZ-2015-MO795061-42271,西亚
是,MX-2014-LL1684039-41853,中美洲
是,ES-2013-EB14110139-41528,北欧
是,CA-2015-BT11530140-42278,美国西部
是,ES-2013-LC1714064-41409,南欧
是,US-2013-DG13300140-41458,美国东部
是,CA-2014-IG15085140-41808,美国西部
是,ES-2015-LO17170139-42166,北欧
是,IN-2015-SS2059059-42364,东南亚
是,AG-2014-CP20853-41889,北非
是,US-2012-AB1025582-40928,中美洲
是,TU-2014-PK8910134-41798,西亚
是,IT-2015-JW1522091-42234,西欧
是,CA-2013-RH19510140-41544,美国西部
是,ES-2014-DM13015120-41856,南欧
是,NI-2013-JB600095-41621,西非
是,US-2015-TC2114555-42166,中美洲
是,IT-2013-DJ1351064-41352,南欧
是,IN-2012-DB131207-41257,大洋洲
是,IZ-2015-EH412561-42161,西亚
是,US-2013-KB16315140-41318,美国东部
是,CA-2015-CV12805140-42025,美国东部
是,MX-2015-AG1052518-42357,南美
是,IN-2012-MP179657-41242,大洋洲
是,IN-2015-PG1882097-42251,南亚
是,ES-2012-SW2024548-41073,西欧
是,IT-2012-MC1742548-41177,西欧
是,TU-2012-CS1845134-41235,西亚
是,CA-2015-SC20725140-42182,美国东部
是,ES-2015-TP21415139-42251,北欧
是,CA-2015-RA19915140-42357,美国西部
是,ES-2014-SV2093545-41674,西欧
是,KZ-2015-RM975068-42228,中亚
是,KG-2015-RH955570-42340,中亚
是,IT-2015-JS1603045-42229,西欧
是,CA-2015-LW16990140-42336,美国西部
是,IN-2015-SS2059059-42236,东南亚
是,IN-2012-LH1715559-40968,东南亚
是,US-2015-TT21220140-42186,美国西部
是,SF-2015-RS9765117-42224,南部非洲
是,ID-2014-JF153557-41649,大洋洲
是,IT-2014-CA12310139-41961,北欧
是,ES-2015-SL2015545-42335,西欧
是,IT-2014-DB1312091-41894,西欧
是,IT-2015-DB13555139-42063,北欧
是,CA-2012-DB13360140-41231,美国西部
是,CA-2013-NW18400140-41599,美国西部
是,MX-2013-TB2128039-41278,中美洲
是,ES-2012-JC1577548-41195,西欧
是,ES-2012-KB162408-41191,西欧
是,IN-2014-VF2171527-41819,东亚
是,MO-2015-AB60086-42173,北非
是,ID-2012-LH1715592-41091,大洋洲
是,ES-2014-BP11230139-41970,北欧
是,IN-2015-DF1313559-42360,东南亚
是,ES-2015-DK13375139-42082,北欧
是,US-2015-RM197505-42122,南美
是,CA-2015-EH14125140-42035,美国西部
是,IN-2013-DR12880144-41384,东南亚
是,IN-2015-RH196007-42179,大洋洲
是,ES-2015-JW152208-42033,西欧
是,CA-2013-GB14530140-41583,美国南部
是,IN-2015-NK1849058-42154,南亚
是,CA-2015-TD20995140-42118,美国东部
是,MX-2014-JR1570039-41955,中美洲
是,ID-2014-TB21280130-41884,东南亚
是,NG-2013-NB858094-41469,西非
是,CA-2015-EP13915140-42316,美国东部
是,ID-2015-JC1538592-42039,大洋洲
是,ES-2014-AH10585139-41920,北欧
是,MX-2015-CR1273051-42262,中美洲
是,ES-2012-AB1016545-40957,西欧
是,ES-2014-AG1039045-41685,西欧
是,GG-2012-BS159047-41184,西亚
是,IN-2014-DW131957-41982,大洋洲
是,IT-2014-BS1166562-41864,北欧
是,IN-2013-MY1738058-41545,南亚
是,MX-2012-KD1634518-40977,南美
是,IT-2013-CA1205591-41545,西欧
是,CA-2013-NF847523-41549,西加拿大
是,CA-2015-SG20605140-42120,美国西部
是,US-2015-FW1439518-42306,南美
是,SG-2015-BE1410111-42348,西非
是,CA-2015-LT17110140-42335,美国东部
是,US-2013-AB10105101-41446,南美
是,SO-2014-GM4455116-41984,东非
是,ES-2015-NH1861048-42299,西欧
是,CA-2013-AH10690140-41639,美国中部
是,ML-2013-GW460579-41403,西非
是,PL-2013-JF5190103-41443,东欧
是,ID-2013-TC2114527-41594,东亚
是,CA-2013-ES14020140-41384,美国中部
是,IN-2012-SC2057559-41146,东南亚
是,CA-2013-SJ20215140-41461,美国西部
是,ES-2015-PC1900045-42227,西欧
是,US-2013-KA1652582-41360,中美洲
是,IZ-2015-JM525061-42235,西亚
是,MA-2012-TZ1144577-41037,东非
是,US-2013-CD1198055-41594,中美洲
是,IT-2015-JK1609048-42097,西欧
是,ES-2013-CS1225048-41579,西欧
是,CA-2014-BC11125140-41846,美国西部
是,MX-2015-CM1211528-42296,南美
是,ES-2015-AM10705120-42213,南欧
是,US-2013-LB1679555-41462,中美洲
是,CA-2012-KN16390140-41244,美国东部
是,MO-2015-LA678086-42168,北非
是,CA-2015-GM14455140-42353,美国中部
是,ES-2012-DM1295548-41100,西欧
是,MX-2012-DM1301593-40971,中美洲
是,IN-2014-HM1486092-41679,大洋洲
是,ID-2015-SS205907-42361,大洋洲
是,IT-2013-GT14710125-41392,西欧
是,ID-2015-MG1768092-42032,大洋洲
是,IN-2015-VP2173058-42024,南亚
是,ES-2013-HG14965120-41571,南欧
是,IR-2012-JF529560-40988,南亚
是,US-2014-KD16495140-41976,美国西部
是,MX-2015-FG142605-42318,南美
是,ES-2012-SV20365120-41132,南欧
是,US-2014-DL12925101-41646,南美
是,NI-2012-DV304595-41121,西非
是,ES-2013-GT1475545-41597,西欧
是,ID-2014-CK1220527-41948,东亚
是,ES-2013-PB18805120-41591,南欧
是,EG-2012-MC727538-41130,北非
是,IN-2013-AM1070527-41535,东亚
是,ES-2012-JH16180139-41090,北欧
是,ID-2013-TM210107-41492,大洋洲
是,ID-2015-CJ1187597-42147,南亚
是,ES-2014-TS2116045-41817,西欧
是,CA-2014-ES14080140-41737,美国东部
是,US-2015-GT1471055-42299,中美洲
是,IN-2014-PW1903058-41999,南亚
是,ID-2012-NB1858092-41241,大洋洲
是,IN-2014-TS211607-41875,大洋洲
是,IN-2013-RH195107-41573,大洋洲
是,US-2015-JH1543055-42328,中美洲
是,US-2014-PK19075140-41907,美国东部
是,IN-2013-MG176957-41542,大洋洲
是,IR-2013-PK891060-41342,南亚
是,MX-2014-ML1775593-41795,中美洲
是,IT-2014-VP2173048-41990,西欧
是,CA-2013-LS17245140-41629,美国南部
是,ES-2012-BM1178545-41144,西欧
是,PL-2012-LL6840103-41137,东欧
是,IN-2014-SC205757-41662,大洋洲
是,CA-2012-RP19270140-41200,美国西部
是,SF-2013-KN6390117-41614,南部非洲
是,MX-2015-DA1345051-42180,中美洲
是,CA-2013-BM11575140-41532,美国东部
是,CA-2015-JC16105140-42301,美国东部
是,NI-2012-SP1086095-41090,西非
是,IT-2012-RS1987091-41200,西欧
是,CA-2013-SM20950140-41627,美国中部
是,ES-2014-AS1009045-41885,西欧
是,MX-2014-SK1999082-41922,中美洲
是,IT-2013-VW2177545-41580,西欧
是,ES-2012-AI1085548-41187,西欧
是,CA-2014-NZ18565140-41964,美国东部
是,ES-2015-ES1402045-42032,西欧
是,SA-2012-LC6870110-41121,西亚
是,ES-2012-KN16705120-41257,南欧
是,TU-2015-EN3780134-42164,西亚
是,CA-2013-MS17365140-41632,美国西部
是,MX-2013-JC1538528-41574,南美
是,RW-2015-BG1740109-42353,东非
是,MX-2015-EL1373536-42278,加勒比海
是,ES-2012-JK1564048-41191,西欧
是,IN-2015-JH159857-42221,大洋洲
是,CA-2012-ML17395140-41194,美国东部
是,IR-2013-CM193560-41296,南亚
是,MX-2015-BD1172537-42330,南美
是,ES-2013-BE1133564-41387,南欧
是,IT-2015-Dl1360048-42209,西欧
是,CA-2012-RB19435140-41236,美国中部
是,IR-2015-JD615060-42186,南亚
是,ID-2014-AG1076527-41872,东亚
是,MX-2013-JM156555-41549,南美
是,IT-2013-DK1298564-41618,南欧
是,US-2014-MH1811554-41900,加勒比海
是,IN-2013-MS17710113-41495,东南亚
是,ID-2014-KB16600144-41986,东南亚
是,ES-2014-SC2002045-41790,西欧
是,CA-2012-LE16810140-41258,美国南部
是,CA-2015-DM13345140-42347,美国西部
是,CA-2014-BC11125140-41864,美国东部
是,IN-2013-NP186707-41474,大洋洲
是,TU-2014-JW5220134-41755,西亚
是,CA-2014-RD19810140-41798,美国东部
是,IN-2015-JD1589558-42288,南亚
是,US-2014-VM21835140-41772,美国西部
是,MX-2013-EH1412555-41276,中美洲
是,EZ-2012-PS904532-41150,东欧
是,CA-2013-JD15895140-41620,美国西部
是,CA-2014-BD11620140-41707,美国东部
是,CA-2014-JH15985140-41888,美国西部
是,ES-2015-PO18850139-42264,北欧
是,CG-2015-PV898533-42225,中非
是,MX-2013-CD1279082-41521,中美洲
是,US-2012-DK1283536-40939,加勒比海
是,SF-2013-PF9165117-41490,南部非洲
是,MX-2014-ES1402082-41929,中美洲
是,IT-2015-RB19570120-42181,南欧
是,CA-2014-TZ1144523-41985,加拿大东部
是,RS-2015-BP1230108-42132,东欧
是,CA-2015-SR20425140-42361,美国南部
是,CA-2013-JK16120140-41551,美国东部
是,IN-2014-LM1706566-41893,东亚
是,CA-2014-ON18715140-41710,美国中部
是,US-2014-RB19570140-41886,美国中部
是,MX-2014-TG216405-41952,南美
是,US-2015-LR1691518-42180,南美
是,NI-2015-MK790595-42144,西非
是,UP-2014-LL6840137-41670,东欧
是,ES-2015-LT1711045-42025,西欧
是,TU-2012-FG4260134-41177,西亚
是,IT-2014-AT1043591-41795,西欧
是,CA-2015-JF15415140-42367,美国东部
是,IT-2012-RD19930120-41222,南欧
是,IR-2014-BD162060-41820,南亚
是,ES-2015-CM1223545-42327,西欧
是,MX-2015-MS1798028-42300,南美
是,UP-2015-RK9300137-42341,东欧
是,CA-2015-MA17560140-42298,美国东部
是,US-2013-HD1478555-41565,中美洲
是,MX-2013-BS1136536-41595,加勒比海
是,CA-2012-RH19495140-41143,美国东部
是,ET-2014-SV1081543-41814,东非
是,MX-2013-AP1091536-41528,加勒比海
是,MX-2015-RH1951082-42262,中美洲
是,CA-2013-JC16105140-41520,美国南部
是,ES-2012-MP1817564-41187,南欧
是,US-2013-RR19525140-41613,美国南部
是,ES-2013-GT14710139-41614,北欧
是,EK-2014-EP391540-41947,中非
是,ID-2012-TC2129527-41137,东亚
是,MX-2014-TM2149039-41923,中美洲
是,TU-2015-EB3840134-42326,西亚
是,MX-2013-DW1348051-41548,中美洲
是,US-2014-GK14620101-41744,南美
是,MX-2012-PF1912028-41059,南美
是,IZ-2013-GZ454561-41314,西亚
是,CA-2015-SC20380140-42039,美国南部
是,IN-2015-BS11590102-42287,东南亚
是,MX-2012-MF1766582-41174,中美洲
是,TU-2015-CS1860134-42042,西亚
是,MX-2013-SS2059093-41565,中美洲
是,MX-2015-PR1888018-42153,南美
是,PL-2014-BM1650103-41888,东欧
是,CA-2015-DK13090140-42279,美国中部
是,ID-2014-RB19330102-41767,东南亚
是,MX-2013-RW1963082-41528,中美洲
是,IT-2012-BD1172591-40992,西欧
是,TU-2015-SW10350134-42024,西亚
是,US-2014-SG2008055-41769,中美洲
是,ES-2012-AR104058-41127,西欧
是,CG-2015-DW358533-42341,中非
是,CA-2012-HP14815140-41236,美国南部
是,ID-2013-AS1022559-41392,东南亚
是,PL-2015-ML8265103-42252,东欧
是,ES-2014-BD1132048-41992,西欧
是,CA-2015-JH15430140-42329,美国南部
是,CA-2015-NG18355140-42235,美国东部
是,MX-2012-MM1805531-40978,加勒比海
是,ES-2013-EH14125120-41573,南欧
是,ES-2015-BM1157545-42276,西欧
是,ES-2015-CB1202545-42041,西欧
是,IT-2014-AP1091564-41896,南欧
是,ES-2012-AG1049564-41254,南欧
是,ID-2013-GZ14545130-41605,东南亚
是,IN-2015-LH171557-42294,大洋洲
是,US-2015-PN18775140-42339,美国南部
是,ID-2015-GD1459092-42144,大洋洲
是,IN-2014-IM1507058-41812,南亚
是,US-2012-JW1595555-41073,中美洲
是,MX-2014-AG1076539-41887,中美洲
是,ES-2015-LD1685548-42185,西欧
是,US-2012-CW1190536-41241,加勒比海
是,ID-2015-GM1445592-42334,大洋洲
是,EG-2013-VG1179038-41590,北非
是,CA-2015-PN18775140-42120,美国南部
是,ID-2012-RB193307-41261,大洋洲
是,CA-2015-AG10675140-42272,美国南部
是,EN-2015-MC760542-42174,北欧
是,US-2014-MG1814555-41928,中美洲
是,CA-2015-RB19795140-42138,美国西部
是,IR-2014-DL286560-41950,南亚
是,CA-2015-PK19075140-42316,美国东部
是,ES-2014-EJ1415545-41901,西欧
是,ES-2014-EB1397564-41814,南欧
是,MX-2012-JL1517582-41163,中美洲
是,ES-2014-CP12340120-41738,南欧
是,US-2015-SC2084582-42125,中美洲
是,TU-2013-AH585134-41367,西亚
是,CA-2014-BM11575140-41964,美国西部
是,SI-2014-TC10980115-41955,南欧
是,ES-2012-VG2180548-41175,西欧
是,MX-2014-Dp1324082-41960,中美洲
是,IN-2015-MH1744027-42025,东亚
是,IN-2015-TW2102578-42063,东南亚
是,IT-2015-FO1430564-42342,南欧
是,BO-2015-MS798013-42091,东欧
是,CA-2012-ZC21910140-41271,美国中部
是,ES-2012-AJ1094545-41239,西欧
是,US-2015-RL19615140-42147,美国西部
是,NI-2012-SN1056095-41065,西非
是,CA-2014-EH13945140-41655,美国西部
是,MX-2013-JP1552082-41440,中美洲
是,IN-2015-CR126257-42046,大洋洲
是,IN-2014-OT187307-41944,大洋洲
是,MX-2013-MC1759039-41577,中美洲
是,MX-2012-BF1127582-41039,中美洲
是,TU-2014-EG3900134-41794,西亚
是,CA-2013-TC21535140-41536,美国南部
是,US-2015-EB1397518-42304,南美
是,ES-2015-JK1564064-42297,南欧
是,EG-2015-RM937538-42360,北非
是,MX-2014-PO1886593-41642,中美洲
是,SA-2015-BB990110-42291,西亚
是,US-2012-TS2108536-41070,加勒比海
是,EG-2013-FA423038-41534,北非
是,ES-2013-SC20305139-41480,北欧
是,CA-2013-BP11095140-41481,美国西部
是,MO-2013-JW607586-41520,北非
是,ID-2015-NP18685102-42224,东南亚
是,ES-2015-JC16105139-42173,北欧
是,US-2015-RH1955518-42079,南美
是,CA-2014-WB21850140-41654,美国东部
是,IN-2013-SW202757-41585,大洋洲
是,MX-2013-SC2077018-41329,南美
是,CA-2015-HM14980140-42122,美国西部
是,IR-2012-DV304560-40929,南亚
是,MX-2013-EJ1415516-41465,南美
是,CA-2012-EJ13720140-41258,美国中部
是,CA-2015-SC20305140-42245,美国中部
是,IS-2013-MY829563-41460,西亚
是,ID-2015-LS172007-42133,大洋洲
是,MX-2012-BT1130582-41158,中美洲
是,ES-2015-CL1189064-42356,南欧
是,CA-2014-JG15160140-41910,美国南部
是,ID-2014-MP1747059-41709,东南亚
是,SA-2013-GM4680110-41328,西亚
是,MX-2012-TZ2158093-40955,中美洲
是,CA-2012-RB19645140-41143,美国西部
是,CA-2012-IM15055140-40932,美国西部
是,IN-2015-BK1126027-42341,东亚
是,US-2015-DB1355598-42119,中美洲
是,MX-2012-AW1093031-40912,加勒比海
是,MX-2014-HE1480082-41851,中美洲
是,US-2013-ON18715140-41411,美国中部
是,MX-2012-AH1046539-41185,中美洲
是,TU-2012-FH4365134-41121,西亚
是,ID-2013-RW1954097-41476,南亚
是,CA-2014-AM10360140-41837,美国中部
是,CA-2013-FC14335140-41409,美国东部
是,IN-2015-IG1508566-42228,东亚
是,IT-2014-EK1379591-41771,西欧
是,ID-2015-TC2129559-42223,东南亚
是,CA-2014-BD11620140-41999,美国东部
是,CA-2014-RD19900140-41960,美国西部
是,ID-2012-TH21100118-41125,东亚
是,IZ-2014-CA205561-41816,西亚
是,CA-2013-TC21475140-41391,美国西部
是,AG-2014-RD95853-41712,北非
是,ID-2012-JE1574559-41234,东南亚
是,CA-2014-TS21160140-41702,美国西部
是,MX-2015-DK1289526-42090,南美
是,CA-2013-GB14530140-41528,美国西部
是,IN-2015-RD1948011-42109,南亚
是,ID-2015-RM197507-42129,大洋洲
是,US-2013-PT1909018-41418,南美
是,CA-2014-AS10045140-41727,美国南部
是,ES-2013-CS1246064-41368,南欧
是,MX-2015-SZ2003536-42216,加勒比海
是,SF-2013-BD1620117-41376,南部非洲
是,TU-2013-DL2925134-41534,西亚
是,IN-2015-DB13660102-42089,东南亚
是,MX-2015-KC1625582-42259,中美洲
是,EG-2014-SB1018538-41944,北非
是,ES-2015-NM18445139-42218,北欧
是,CM-2012-SC1068022-41009,中非
是,CA-2014-TB21280140-41786,美国东部
是,ES-2012-AB1060064-40927,南欧
是,MX-2013-JC1534082-41392,中美洲
是,MX-2014-CG1204031-41977,加勒比海
是,UP-2014-CR2580137-41922,东欧
是,NI-2015-JG516095-42235,西非
是,MX-2014-HP1481582-41709,中美洲
是,IN-2015-DK1289559-42281,东南亚
是,ES-2014-SJ2021548-41998,西欧
是,IN-2014-BS1159027-42000,东亚
是,US-2013-GM14500101-41366,南美
是,IN-2013-KM1666059-41574,东南亚
是,ID-2014-RP1927059-41918,东南亚
是,IN-2015-AS102857-42217,大洋洲
是,US-2013-EJ1372018-41628,南美
是,IN-2015-CR128207-42270,大洋洲
是,US-2014-FO14305140-41944,美国南部
是,SF-2012-CC2685117-41263,南部非洲
是,IT-2012-NF18385139-41237,北欧
是,CA-2015-EB13705140-42321,美国东部
是,US-2014-JE1574555-41971,中美洲
是,ES-2013-TB2162548-41374,西欧
是,CA-2015-JS594023-42346,加拿大东部
是,IN-2015-MH1811592-42116,大洋洲
是,US-2013-MA1799536-41346,加勒比海
是,IN-2012-JM15265144-41031,东南亚
是,CA-2012-JG15115140-41189,美国南部
是,US-2015-CG1252055-42316,中美洲
是,MX-2014-RR1931526-41951,南美
是,CA-2014-CK12595140-41711,美国东部
是,MX-2014-DM1295598-41807,中美洲
是,MX-2012-BS1159039-41175,中美洲
是,MX-2012-DS1318018-41081,南美
是,TU-2015-CS2355134-42101,西亚
是,ID-2014-EB1397559-41919,东南亚
是,IN-2014-AC1061558-41808,南亚
是,EG-2012-NM844538-41002,北非
是,ES-2014-RB1964545-41859,西欧
是,IN-2015-MA17995121-42230,南亚
是,NI-2013-EH376595-41500,西非
是,IR-2015-BD162060-42252,南亚
是,IN-2014-PB19210130-41872,东南亚
是,IN-2015-AA1031558-42361,南亚
是,TZ-2015-BM1785129-42285,东非
是,IV-2014-LC688529-41898,西非
是,IN-2015-DL1292558-42167,南亚
是,EG-2015-NF838538-42060,北非
是,CA-2014-ND18370140-41963,美国东部
是,NI-2012-BM114095-41061,西非
是,CA-2012-CM11815140-41226,美国中部
是,ES-2015-CJ1201064-42323,南欧
是,IN-2015-MB180857-42172,大洋洲
是,ES-2015-MJ1774045-42168,西欧
是,ES-2015-HJ14875139-42013,北欧
是,CA-2012-CM11815140-41273,美国中部
是,CA-2014-BT11680140-41751,美国东部
是,IN-2012-GM1444027-41128,东亚
是,IN-2015-DK12985144-42112,东南亚
是,TU-2015-LP7080134-42185,西亚
是,CA-2014-DP13390140-41784,美国东部
是,US-2014-AJ1078018-41752,南美
是,IT-2013-BW11065139-41370,北欧
是,ES-2015-GG1465048-42245,西欧
是,CA-2012-PB19150140-41254,美国南部
是,CA-2014-TT21265140-41915,美国东部
是,IR-2012-SS1051560-41125,南亚
是,CA-2012-RA988523-41160,加拿大东部
是,US-2015-ME17320140-42322,美国中部
是,US-2012-GH1442598-41140,中美洲
是,ES-2013-EC1405048-41520,西欧
是,US-2015-GZ14470140-42362,美国西部
是,MX-2014-ML1741039-41935,中美洲
是,MX-2012-DP1316582-41234,中美洲
是,MX-2012-BD1163582-41249,中美洲
是,MX-2015-CD1279080-42293,加勒比海
是,IN-2014-DW1319559-41730,东南亚
是,IN-2015-JK1612058-42126,南亚
是,US-2014-AR104055-41906,南美
是,NI-2015-JG516095-42353,西非
是,US-2012-SC20260140-41165,美国中部
是,CA-2012-CM12715140-41177,美国东部
是,CA-2015-HM14860140-42221,美国西部
是,IN-2015-DK1337566-42155,东亚
是,CA-2013-KC16255140-41473,美国东部
是,AL-2012-EM38252-41213,南欧
是,CA-2013-EH13945140-41465,美国西部
是,ES-2012-MZ1751545-41262,西欧
是,US-2014-LH1675055-41840,中美洲
是,MX-2015-LA1678051-42286,中美洲
是,ID-2014-LB167957-41829,大洋洲
是,CA-2015-LW17215140-42348,美国中部
是,ES-2015-AM10705120-42017,南欧
是,TU-2014-SD10485134-41771,西亚
是,US-2012-AH1046536-41234,加勒比海
是,US-2012-DB1327036-41021,加勒比海
是,CA-2014-LS16945140-41912,美国东部
是,MX-2015-QJ1925551-42255,中美洲
是,ES-2015-AS1004564-42028,南欧
是,SG-2015-AG495111-42164,西非
是,CA-2012-KC16675140-41255,美国南部
是,CA-2015-JB16045140-42362,美国东部
是,ZA-2015-RC9960146-42257,东非
是,ES-2012-TB21190139-40992,北欧
是,US-2013-GA1472598-41599,中美洲
是,US-2013-TS2134055-41356,中美洲
是,CA-2015-EH13765140-42027,美国中部
是,TU-2015-SC10050134-42216,西亚
是,CA-2014-CY12745140-41867,美国西部
是,KG-2015-FO430570-42318,中亚
是,GH-2015-KD661549-42183,西非
是,IT-2015-DK12895124-42312,北欧
是,CA-2013-DP13165140-41557,美国中部
是,CA-2015-SP20860140-42276,美国南部
是,IN-2015-RH1949559-42257,东南亚
是,CA-2013-BN11470140-41380,美国东部
是,NI-2013-EH412595-41541,西非
是,ID-2013-PB18805130-41421,东南亚
是,TU-2015-SV10785134-42340,西亚
是,US-2014-DJ1363018-41963,南美
是,US-2015-JE15610140-42321,美国西部
是,ID-2014-RH1949559-41984,东南亚
是,IN-2014-AJ109457-41793,大洋洲
是,CA-2012-LT16765140-41152,美国西部
是,IN-2012-ST2053058-41058,南亚
是,CA-2012-PJ19015140-41005,美国南部
是,MX-2014-DK1298518-41740,南美
是,ID-2014-SC2026092-41894,大洋洲
是,UP-2013-DL2925137-41299,东欧
是,AE-2014-MY7380138-42004,西亚
是,ES-2015-LS1723045-42159,西欧
是,TU-2014-MY8295134-41860,西亚
是,MX-2014-KN1639082-41907,中美洲
是,IT-2013-CA12310139-41538,北欧
是,CA-2014-LF17185140-41933,美国东部
是,CA-2015-SJ20125140-42105,美国东部
是,US-2013-DR12940140-41635,美国中部
是,TU-2014-TC11145134-41656,西亚
是,MX-2012-RE1940539-41195,中美洲
是,ES-2013-ME1772545-41370,西欧
是,CA-2013-MS17830140-41478,美国东部
是,IN-2015-DB13405144-42341,东南亚
是,US-2015-SC20050140-42278,美国中部
是,IN-2014-DM1301527-41919,东亚
是,CA-2014-DL13330140-41941,美国东部
是,MX-2012-AH1012082-41226,中美洲
是,NG-2015-JC577594-42260,西非
是,CA-2014-MG17890140-41703,美国西部
是,EG-2014-CS186038-41690,北非
是,US-2012-KT16465140-41168,美国南部
是,NI-2013-DB321095-41521,西非
是,CA-2013-PS19045140-41438,美国东部
是,TU-2015-AG675134-42099,西亚
是,US-2015-SH1997555-42052,中美洲
是,IT-2014-DO1364591-41870,西欧
是,ES-2013-BF1100591-41501,西欧
是,US-2012-JA1597055-41237,中美洲
是,TU-2013-CR2730134-41324,西亚
是,RO-2015-SA10830107-42012,东欧
是,MX-2015-NF1859539-42209,中美洲
是,NI-2014-JK562595-41779,西非
是,MX-2015-SP2092055-42363,中美洲
是,MX-2014-EH1418518-41915,南美
是,MX-2014-KL1664593-41733,中美洲
是,NI-2015-BP105095-42249,西非
是,CA-2015-ML17410140-42025,美国中部
是,IN-2015-AH1069027-42181,东亚
是,IN-2015-BE1141027-42249,东亚
是,TU-2015-JD6015134-42327,西亚
是,IN-2013-AS1028558-41354,南亚
是,US-2012-GR1456054-41082,加勒比海
是,CA-2014-AB10255140-41936,美国西部
是,BN-2014-KB631515-41904,西非
是,CA-2015-BD11725140-42276,美国西部
是,KZ-2012-PR888068-41144,中亚
是,CA-2015-SC20575140-42236,美国中部
是,CA-2015-GK14620140-42257,美国中部
是,ZA-2015-MN7935147-42339,东非
是,ES-2012-AA1064564-41268,南欧
是,IN-2015-MO178007-42363,大洋洲
是,CA-2013-AI10855140-41628,美国西部
是,ES-2015-WB21850139-42248,北欧
是,AG-2014-CM21603-41755,北非
是,IN-2012-RC198257-41167,大洋洲
是,IN-2013-JM152657-41576,大洋洲
是,TU-2012-PF9165134-41074,西亚
是,US-2012-TH21235140-41216,美国西部
是,US-2013-PF1916582-41445,中美洲
是,CA-2015-AA10645140-42314,美国西部
是,ES-2012-MO17950120-41137,南欧
是,ES-2013-PB1915034-41373,北欧
是,NI-2014-CG204095-41856,西非
是,NI-2015-EB411095-42174,西非
是,IN-2014-KD16345144-41768,东南亚
是,IN-2015-LA16780102-42095,东南亚
是,IN-2014-SE2011066-41772,东亚
是,ES-2015-AS1024064-42297,南欧
是,ZA-2014-LS6945147-41672,东非
是,TU-2014-SF10965134-41992,西亚
是,US-2014-LB16795140-41957,美国中部
是,IN-2014-DA1345058-41769,南亚
是,US-2013-HG14845140-41530,美国东部
是,US-2013-SJ2021582-41543,中美洲
是,CA-2015-EB13870140-42269,美国东部
是,EG-2014-PM894038-41846,北非
